,X0,X1,X2,X3,X4
#0,2.0399774944973625,-2.677547662970599,8.172156007330564,9.911217226276559,-2.143175465379991
#1,1.5671753811217968,4.5102487448772495,2.288536366829404,1.1683485187812745,-1.771311409224005
#2,3.1694355219918555,-0.13472779410217584,6.515479691105986,9.498133574727115,-1.2218596114002804
#3,2.0904308641008607,4.548568623155723,0.760736113194892,0.0618497859503071,-0.3736436259252902
#4,7.264989180957225,1.2898277743759836,1.2399379812695357,9.091619390865986,-8.97164036245321
#5,2.9591212653661083,-0.7812817755814208,7.769315012305024,8.901974688754105,-3.397171805851502
#6,5.948569880861348,-0.17477270914715215,2.191537643551661,8.395210477374633,-8.056685495604373
#7,2.7448499506100386,-0.8298366101277269,7.967765761058856,9.399408014606413,-1.0779555684983582
#8,1.693064765273243,4.365934063727672,1.9611075970482788,1.8149915326204185,-0.9728094531348569
#9,4.66444961119125,1.3864892281346193,1.6669293307454276,8.800098499772526,-8.904581251236332
#10,3.3408748236058363,-1.1339340055699745,7.7853433467196815,10.825768336621294,-3.2017781350053394
#11,1.4953749974947963,4.176502877645668,1.214283510563255,0.4023574591309858,-1.6639240180893524
#12,6.63270468155655,-0.7645795506088946,2.703073153966546,7.907621422938236,-7.433047000977254
#13,4.559337801082773,2.0294696236367775,-0.07249301803053965,8.875413628118087,-8.786659402691068
#14,1.3178574744906322,3.052901111391078,2.9805182731832094,-0.007122498230699215,0.31678751680605344
#15,2.5226003943646713,-2.048719767731731,7.620061911867391,8.558537111819414,-3.1288905051649833
#16,5.612527347222348,1.4168697153931764,2.6128063553222916,8.177757590889033,-8.485591897680678
#17,2.4668081225411456,-1.2284318882387943,8.771007093452676,8.827557457530702,-2.226790823948177
#18,3.9247520691468747,-1.1790340260076566,9.808911791826628,10.510156252402421,-3.767342800317638
#19,2.6833597162743676,-2.0260983745893233,7.327997110964795,8.61833800739383,-2.315255147805879
#20,2.243379146389897,-2.4805515708350874,7.0533727519794125,7.9380663617927265,-2.60198806322787
#21,-0.4325660634794559,4.478453282992539,3.194783760055855,2.2697088708537274,-1.8830048306885454
#22,-0.015665532563750362,4.256907772210897,1.312048531882273,-0.9076050189387335,-1.5969980267664559
#23,0.6989271294443895,3.8316510594439497,1.86993788473958,1.0930838856978082,-0.038521076126420084
#24,3.9763587929386066,-2.1332913725611276,7.299267711862626,9.474626274405386,-3.032104219977389
#25,5.6868615769755895,-0.5408177492109727,2.1955988307448306,7.233052739703744,-7.981016205377842
#26,0.08485551043704553,4.385022422059313,1.4842738316231134,0.8335149582324675,-1.805643217875114
#27,5.035254158141575,-0.13679896373183342,0.7306395922094325,8.506143922234893,-7.570626966589857
#28,6.5512090219427455,-0.7993529311912677,1.4408634200973245,9.451442583912304,-8.901688169059952
#29,3.740220446361003,-2.2410944128393564,4.394885687875968,10.102051772444016,-1.5141168569651153
#30,4.054739555073301,1.616056648407875,-0.009691811573457443,6.794500106784495,-7.410620907378495
#31,5.208924678596618,1.2115793145232179,1.2875325094468446,8.26469717448227,-8.124974641791482
#32,7.456558218457245,1.50168204529262,-0.24861159708852254,9.82175429651,-8.876554027321884
#33,4.934392474412096,0.36500727249164655,0.9372799598563324,9.24714239381008,-7.727231409929789
#34,-0.19695809672866305,3.330306509651369,2.803571590201327,0.8013266948521517,-1.9028876363135223
#35,3.8557043746679867,-2.5218959459423695,7.449717071010451,11.097661730372046,-3.2858258429295475
#36,1.318178852391873,-0.9406671477213744,6.941046661058419,10.832886338292102,-3.8681363276638807
#37,2.174690711343721,-0.6737728042697468,7.130180046486972,7.216774865974272,-2.7299559506989857
#38,2.452259911028767,4.950567424587176,1.6909332094985658,0.218886270483156,-1.8805318697027869
#39,-0.12592600836915357,5.382366428912042,1.5365334559268193,0.6161373093812867,-0.9665346810205251
#40,1.1095945760442771,4.730683347785622,2.0424181297061437,0.5454153540152471,-0.707437404849002
#41,2.660980685605441,-0.5606849434828295,6.730743228264917,9.725445825570596,-2.0001980490256033
#42,4.412504876228832,-2.5393269295065526,6.797391885537363,9.37954175534918,0.01555098409621758
#43,2.3119660257195465,5.886743714195874,2.550006472244259,1.9432806210501516,-2.5693934191182484
#44,6.270013170296931,0.5999758570462845,-0.3711710350373483,6.4879903916306505,-8.7104433204016
#45,0.8480403815516573,5.576173462196505,1.2522727794454134,1.91996686302131,-0.019028097653799092
#46,1.2730172749426791,4.702373054281237,1.0020931414857963,0.25818739324326956,-1.6754308937286257
#47,5.202568069115173,-0.26105400829655057,0.10332405198605898,10.110195509492637,-9.640856619335564
#48,1.3442241426346955,2.5643366508795964,2.084860581019905,-1.1560122229077536,-1.470845456433668
#49,5.103225621025307,1.6944926980394912,-0.6775712629486246,9.055008797917415,-7.552603611605282
#50,1.2618162477839572,-1.3419063329417502,6.534402990961646,9.125562299884562,-3.6162446975999245
#51,-0.4440071843914921,6.904666499769739,1.75053104059797,0.3145290359768692,-1.9064685226876117
#52,1.92840062927898,-2.3823731006055713,7.713693359774979,10.410904210456273,-1.769110289715879
#53,7.588977573525816,0.7624677130869297,0.8022450136179181,8.980550386683888,-7.697322180496756
#54,5.384957867468797,-0.13142648139545676,0.7176401541258784,9.297188098869448,-9.29818818331205
#55,1.4847440674622252,4.539120996269952,1.200762649739316,1.454439792480807,-2.6717105799534995
#56,1.8500571314887984,2.6355038927896812,4.001784078573847,0.7622659002984986,-1.575192541909721
#57,2.727408837274998,0.48960748024266043,8.400330326908755,9.127035178339991,-1.3528468493858004
#58,2.752911236070694,-0.3605081914193933,5.475167867318703,8.990413816190147,-1.7735455175138264
#59,0.6778257714235039,4.289343025167618,1.1422959948835554,1.3244034979360637,-1.0903594559517353
#60,2.3044653405876945,-2.3225432027215396,8.778843778050451,9.616674164326641,-1.9043291025467022
#61,0.16970528968418008,6.3200007448897235,1.7531156991664032,1.5714154960550628,0.141360409478418
#62,3.590190514261565,0.9000844306783191,2.4009620659193796,9.365283997920143,-7.611701272361337
#63,0.629567921567829,3.6162221353128454,2.930360026639147,0.2801586037733914,-1.28043007052708
#64,6.805441223016757,1.6775099954302317,2.0197695822096113,9.494535950596603,-8.874021229250394
#65,4.871298796218007,0.26137676334037085,-0.4362913696910242,9.07924794313519,-8.48388019642092
#66,3.813221685627331,1.067847062655076,1.7436916131110505,9.405344488407188,-9.282911492444045
#67,1.1314526744527584,3.671778271143813,0.23849485532615633,0.7096487608779772,-1.4378372988271282
#68,5.6196698770101685,1.5958297458020672,0.8557996966641896,8.141213231870331,-10.004857307786523
#69,1.7126500278980012,5.042548453005839,2.496801530479742,1.6122478466204007,0.15838060093212025
#70,3.2611717426165097,-0.16273878930439456,9.708049531083502,10.283917743510138,-2.0497243877765516
#71,3.151583541966899,4.408594797821629,1.0510103791739187,1.3362484953422538,-1.4000130363004681
#72,1.2145703081034767,-2.5664050433457657,6.651188761300788,10.249248511965368,-3.9861134963498612
#73,1.9761170521151985,-1.1281205179983518,9.037801743533127,7.5950542401440275,-2.9241173106818437
#74,7.166735826224935,-0.07106247960363221,2.3402747555660453,7.357596795935545,-9.138792272653
#75,1.7289072293482857,0.9104980358712242,8.508928132535335,9.753043060122177,-2.3549417965904578
#76,5.913038036747814,-0.5000262317606847,2.0132705695956217,6.93336684294063,-7.936713113899499
#77,-0.29911884559558866,2.6658095300482216,1.365428335781528,-0.2937369793850533,-1.6194902829828899
#78,7.584990540933083,1.20731895280739,-0.1231822464909329,8.806838392264096,-10.469822551919036
#79,3.668924297617254,-3.3373500093076247,7.830747674264479,7.708417723023541,-2.270815334856161
#80,4.138324019100371,-0.6183478853332804,10.10464576232894,8.604134961541398,-1.0096830839887052
#81,5.723465817102647,2.2634804094938454,1.0397993104938987,9.033551035403683,-8.950713964923187
#82,-0.7542408714032411,4.107945385508481,3.818535423393536,0.3756729142447094,-2.5591464921333262
#83,4.845919772981339,0.060448591802159224,2.2393964682965324,8.356127354691859,-9.147341401191388
#84,2.3019994052399406,-0.14892985093118227,7.587303746875531,9.218389078899506,-2.8111895602012975
#85,3.1171227234657404,-1.7084562402683139,7.680659079965574,8.393886239420283,-2.6067795569035237
#86,1.2583144054531432,2.0161474014907994,1.5037933962402164,2.1052843249668047,-2.6787020793027
#87,1.9161752098051088,4.767016503420963,-0.4196810623513878,0.8342050647565508,-1.1961259735122225
#88,5.955704344313436,0.784568416470075,0.5928525698074216,7.628191861843056,-8.285602889556007
#89,4.179125859250293,0.7066934190520626,0.8432580244671855,8.149966316196688,-7.5446581040386285
#90,2.894800453701246,0.06448663259609622,-0.1872429987262363,7.8198994126264525,-7.710057613892295
#91,5.531348701407091,-0.26364852813548156,1.40148410456717,8.089970718163793,-7.87882758239003
#92,3.522242851478162,2.8985679740865864,1.4163631307412996,7.652919994159602,-7.547939436861901
#93,6.5314149534004615,-0.3015629268773645,-0.3493702932836982,7.27264230996705,-9.65601976733851
#94,1.6300559604411733,3.129828405660555,3.214427732028621,1.4884378226469779,-2.572384798712957
#95,1.0236348958367945,5.766527774896795,3.5902966505520606,1.464103697967255,-1.377638921509571
#96,5.0693512398402865,-0.2739516810798315,0.8703244680557531,8.715558634079688,-9.096383835439257
#97,0.33654744083429056,3.82436752623475,2.3666310247096685,0.12164319301439597,-1.834268823603913
#98,0.6097461375933889,5.42349928963735,1.597345101028975,1.3230570584075867,-1.5548751966916856
#99,6.530648298067117,0.8204217505248091,1.9854114972434527,7.529857481082659,-9.468069815969145
#100,7.774232343340106,-0.5664334003789793,1.1794213232248105,9.722625182452555,-9.136617140669443
#101,3.0637257181927735,-1.687533017882933,7.576678668410225,8.52113146970627,-2.0983781128452423
#102,5.950224379519715,0.8986459076407064,0.8271408016997737,10.03778927532172,-11.361727124471532
#103,6.185964430623165,-0.28709441323351415,1.9575840821137156,9.051143921432924,-9.277479534711274
#104,7.077488652965858,0.17884588500968734,1.3033082350180212,7.9125645997419705,-9.149502582967816
#105,5.88894212910255,1.2307835974315695,1.904853493142042,10.126411010281391,-9.000600159907867
#106,1.8066438401867366,5.809648607048646,2.5689330885320487,1.345297772669342,-0.48793145568326435
#107,2.2093818568693764,-0.4265218359254036,9.190173687863973,9.441853615371206,-2.351921091748441
#108,2.6242440577298023,-1.6824646379392052,7.725091139704369,8.05610674390513,-4.23152646497874
#109,2.351941463312853,4.311617505737645,4.345204080761228,-1.4674330128234914,-0.9189446073292823
#110,6.612813180481886,0.10149354573427344,1.7313692908260094,9.884264902812891,-9.57502337303665
#111,6.0403454192600226,1.4350301715980707,-0.23179023323406978,8.710492338784881,-6.993130618433438
#112,1.0278670854680168,4.029297273946183,3.4271539507948354,0.6015585774886494,-1.744920896895807
#113,2.004671236731416,6.459150116358242,1.464837737144592,1.1970507310113025,-2.2160245339156295
#114,6.143186327191024,1.0959241121006982,1.6930348661914303,7.737775754946901,-6.998544220065652
#115,-0.10938477294918525,3.0352703364801314,1.2805403541296507,0.2949649997164232,-1.9064293804215966
#116,7.960877772873493,-0.4093488099523438,-0.06055691854845535,9.271112152102285,-8.501243745999695
#117,6.187512737836567,1.1318461819468846,0.6642947786689113,6.628974411852765,-7.837364586561105
#118,2.3095142237493014,-1.9549149359432776,7.25097249854336,8.315613685354055,-2.5713261335337436
#119,1.9407486149147848,3.5421523670952073,2.8927419243689405,0.09487390910948446,-1.3132884156331628
#120,1.4359271960681248,4.005496028672622,-0.3695787899727607,1.150399030841212,-1.4808591321398632
#121,6.015426695756018,1.0632243899012517,1.848470415453596,8.422447651629044,-10.929713027226404
#122,1.0703844347841003,4.685825647765513,0.254466405563317,1.3604533631182945,-1.6699125838059514
#123,-0.46400515412957755,4.078567960587295,1.4397009240525003,-1.1509734691052214,-0.43374631913876804
#124,6.981041223464192,2.371933644366483,1.0910457557548976,8.34124987127907,-9.14369245535568
#125,5.56105430019153,1.74855827795942,1.7546528843894882,9.387877689080982,-7.903267687919643
#126,6.352689814135783,-1.1414198592801235,7.795231858881114,7.782832109065475,-2.5476477002775764
#127,0.15407971350651728,3.6771867031638363,1.1637726312296794,0.5320857911873358,-1.8991333727565751
#128,1.9636945736737152,3.5852376456220916,3.9933025021095023,1.1180549708686178,-2.001998903589251
#129,2.7594152323667,-1.7774916847791027,9.3462800562467,8.896034967404676,-2.260204784858899
#130,1.4982578081518925,5.501047192306361,1.6727813080184069,1.5893255783077618,-1.1730190017466888
#131,4.161694657945833,-0.5600858754874809,1.1923144630914886,8.602180982812499,-10.103608025077916
#132,0.046130083700252955,2.8097138088902565,2.5240067897624687,1.1199978087735283,-1.7315504992448827
#133,6.5580407694343945,0.265346802844114,2.6164664442919525,8.379795302689795,-6.661600614964755
#134,4.890072091275831,-0.06514505347413402,6.738766790055047,10.3149279493252,-2.3429210740604605
#135,5.641648188334466,-0.12023630219529902,2.6891600304536905,9.385138020357282,-7.658820641074591
#136,1.1763679113304917,4.796155966870935,0.5509458859834342,0.7121438980522823,-3.21355949012409
#137,4.536737357995799,-1.8943030771400367,8.598953079893471,11.903332012220158,-3.1816727475811106
#138,3.2376117080378957,0.4257711022186075,7.474170048833032,7.57638058870679,-3.9651559733041073
#139,-0.6291238237489922,3.5962717399316095,-0.09383693494214329,1.0239674131740706,-1.5705331137780691
#140,6.444289669747813,-0.6124463195381269,0.3965303667098319,8.688283806935383,-8.488373069872086
#141,7.2335294463491575,-0.8023515149550493,1.8645640497533045,6.775383347802251,-10.102127874179
#142,3.448771239036105,-3.664652896922203,9.192783505708952,9.531431111444567,-3.753491778199338
#143,2.7633860214298718,-1.59206059308127,8.619203270379979,11.057000430153943,-1.3701158627392425
#144,3.2271268915834255,-1.6138945647174696,7.719663329379437,9.618445443900116,-2.8040045844639496
#145,5.0879200858687605,1.5231543614150558,1.3801766524983081,8.539643990983407,-8.774328846730297
#146,0.7808528749645809,3.0391918892473733,2.9122006969518184,0.4036693140560054,-1.5122673547994638
#147,6.98066687306009,1.7485023298613072,1.5688339849615436,10.186161917805846,-6.811529059638846
#148,0.45845330385062577,4.0858369173513776,2.503237794809507,1.4658188367460292,-1.1384059395434827
#149,4.286176485953085,0.6677670918235846,0.6346936825365802,9.604807609068658,-10.034918250788765
#150,3.5109664980022446,-0.2753157504670041,9.282298609325824,10.384833042300583,-0.6914214856831773
#151,0.7521436650260014,3.925515865459101,1.6214432800590586,2.9250290931904397,-1.1925504839392511
#152,1.6821876832852376,5.789541531748128,2.072088606143165,0.6404574220874859,-1.361698466453233
#153,5.521287065391517,0.0023030997966787536,-0.25930358501428596,7.236197539725904,-9.163498881396489
#154,6.5698287734656935,0.3399886048882166,-0.7482386834622163,9.220744644875625,-9.294246560895635
#155,2.208747595826992,-2.338735695331404,8.329696911402737,7.8886669338710895,-1.8449504531456706
#156,1.2065263950134912,5.484318495415782,4.374776414623909,0.4561770591146552,-3.821845748718301
#157,1.3122938949570528,4.78930988081392,1.6114591430985992,0.5744528609722985,-1.3315732634572843
#158,6.770252459128008,0.17129131413116006,0.5996019549779263,9.550495517524494,-6.415722796728929
#159,3.3628313066219775,-1.1672901838855154,7.941887543663578,9.600335689110022,-5.553296446258218
#160,0.04073962307614065,4.591174979316011,2.4156947885468973,1.305811779234535,-3.4676196892434854
#161,5.478813642995885,1.7818111624015736,1.2481592428359565,8.772370277537584,-9.251104463773116
#162,2.318662250747175,-2.0487692503402886,7.485771711057068,9.780891528074992,-1.7524183244660347
#163,4.576753354114844,2.0991863195804212,0.7989983959034197,8.236919267142339,-8.031838958567908
#164,5.743123376139178,0.1217207632333378,1.1620356032761427,8.398777796118916,-10.27253324471893
#165,5.583032717875892,1.564350625972555,1.7117667565551034,7.844260569502826,-7.440125210401066
#166,4.995572547166618,-0.11646243903694908,0.6211286633923214,8.086451357806975,-9.85015174949416
#167,4.651781356210167,-0.7987788421650344,7.025058257690332,9.05493093354092,-2.2520214068380957
#168,6.147549781150848,-0.07888876195054384,2.5758892924456105,9.050411943761649,-8.59302069306644
#169,2.6907540348921164,-1.6809621095832143,7.896808935306547,11.813030951597847,-2.422120753407114
#170,2.1756234783225636,3.301779038804576,1.690315618750742,0.8145206588531905,-0.6656661840593543
#171,2.389325215667135,-2.6793487762555843,8.803742834553303,9.10072213372884,-3.284118534360508
#172,2.634016990469364,4.694873489410347,1.455778402424786,0.4500029807753636,-0.3948755959469574
#173,0.5767251885163336,4.177110071159285,1.4883176863311265,0.21641079406851083,-0.9556085514227507
#174,5.3157603319958,1.4742970950622911,1.8388468862483152,7.467105626634656,-8.714236229187891
#175,2.1760769571998972,-1.0002736859426316,7.8285944946572625,10.017266168665744,-2.1745744800281437
#176,7.552301903178797,0.1845829592364362,1.4073727642787142,7.8290769884988745,-9.256446530368946
#177,8.079438733838177,1.4519220558035448,1.7467199429283076,8.862755599170246,-6.1721986576155
#178,0.791036122171172,4.177659156655466,1.80668095653056,1.2598152196532784,-1.9404000852110759
#179,2.0020624030251524,4.8412608900906875,2.540678962733521,1.011386090259414,-2.1563017932401323
#180,7.340842137793511,1.2937419031627087,1.0877273138508359,6.9325952696574475,-8.164256405386263
#181,4.672234009909894,2.1009052513148956,1.9464212173643691,8.7105264149132,-10.986444828240113
#182,1.0296149855656977,5.334603275117922,0.7782785344070642,1.7353834250828646,-3.01701542558693
#183,1.724014620485668,-1.9773132952411334,5.967875519487399,9.366482715749274,-1.9333329877583136
#184,1.9173008895311836,3.2752603963056135,2.120803331238428,1.3081339503753076,-2.6958343688865796
#185,4.673984211048385,2.0881758996214796,1.253699576551405,9.445047387142521,-9.473464686580037
#186,5.839160014000816,-0.033744257521188925,1.3995470191613053,8.297720615169823,-8.912589788366486
#187,0.5852194994631883,3.9153677494784973,3.1054094783646815,0.8655942727234237,-1.5746378787924444
#188,3.6757314515416555,-1.2124960516053236,9.756575990951294,8.457217856564464,-2.2131661963704694
#189,5.925729022879703,-1.8371061060762481,3.359166001213307,9.063482358122094,-8.96446117635811
#190,-0.9953416862758053,5.296532095897059,3.2669659803070976,0.15539437226710373,-0.4283573428270109
#191,1.3455674582586759,4.316659675494162,1.3992694198727134,1.2273497018007629,-3.4630094026351887
#192,2.700426160457233,-0.47595278085896575,8.408362381194182,7.570521943908187,-2.121818367265382
#193,0.45895872730978304,4.359454290161829,2.2449029130165012,-1.5574547996568069,-1.0295907421452979
#194,-0.5096337801012942,2.403203066205089,0.9176883244017402,-0.8643752251009906,-1.815527232392054
#195,0.40144103574485235,4.283035742900646,0.9063779974440911,2.648054320223453,-0.3404856955140241
#196,6.089913609957933,0.6361100198941263,2.2078477132109517,7.691520196971444,-8.278739378644262
#197,5.448638216000688,-1.0331568420736896,1.5436500639743422,6.030995502639944,-8.611153096322855
#198,7.164772693925315,2.1511599248546585,3.350975989585603,8.910128203754782,-7.333459956756608
#199,0.7653252743973845,3.3289302805200798,2.754477646907653,1.9138588605246984,-1.7245554043509634
#200,4.3942420689378565,1.7358219598621218,0.07880174836357767,10.812763990745514,-8.164732044351327
#201,5.187926869547524,0.5352925793492663,0.4738516527147002,10.738824000362179,-8.830208016313383
#202,7.504693610450364,-2.054096603017101,0.7088304977975093,8.029778321073707,-8.62225747270243
#203,5.62601015948472,0.8925362275500702,1.24261256443271,8.008623975034794,-8.817728534232996
#204,-0.8077242742891408,2.8149002685186417,1.4798225559653229,1.173757179606279,-1.2677417354985687
#205,3.811471869566078,-1.7722165129232588,7.6919137468864625,9.878141354895988,-2.6096907176291397
#206,5.058281113035543,2.6844745356366797,0.8710851717760608,8.063798689916771,-9.31669262491443
#207,1.8214164059115863,5.0585256775339476,0.03914116750621899,2.538326993811225,-1.543833246333689
#208,-0.5345514141318637,3.069730967370095,3.4413588607744026,0.6032385509075271,-3.033479658879272
#209,5.7737832441040755,-0.5126257349197854,2.722840439190345,9.059518970881472,-6.792717606391246
#210,0.48275250729593494,7.4053179115450405,2.914021674424796,-0.25711186746901493,-0.5850696750474517
#211,8.393007583886167,1.7429857733808638,0.8383932583240005,8.819166441497087,-8.444937013006893
#212,2.280304322868706,-0.011149690633300402,7.567413164810033,9.811179054503437,-3.1823321194808853
#213,3.9905854405227252,1.3584925426710943,1.2986337200952651,7.2548163184156085,-7.045290615034177
#214,1.4832022354161025,4.251124214645166,3.894972944323433,-0.11347233400127843,-1.3052935724359371
#215,4.36244663956851,-1.0501313997794834,7.029464274489771,10.240604982024951,-2.642963520144985
#216,-0.4859002387256792,4.139532886563169,2.7119041983044245,0.09646261695161384,-2.3544893508589286
#217,5.835290377695149,0.7880833318805642,2.868053056665805,9.805615705557884,-8.864185947871897
#218,3.1927078077976634,-3.005078251985989,7.859364336315111,9.255330929093224,-1.2409551715757803
#219,2.0680204712105406,-2.457620555312303,8.757266388731178,9.442076163886416,-2.887499172284971
#220,1.0833067388756603,0.1314980264061829,7.622326755019991,10.88136744604889,-2.5073569294903435
#221,2.0218960240348673,4.468868014372293,2.651955300155795,1.6584462597340877,-0.5604226601736674
#222,4.942786685260059,0.3375870408439799,0.40457195108775956,9.059380441799089,-7.107310715275498
#223,5.231744687958308,1.7945718501407442,3.7978651081358605,9.765847773514096,-9.039084786316678
#224,4.5134323181861165,1.0897279440397845,3.415911966934134,8.193855307900764,-7.953598700569328
#225,-0.09394492461754145,4.094658710083764,2.659839798262962,-0.8453945709850452,-0.0026772004561486096
#226,3.5412836551400773,-0.5113673616721248,1.2046615451938665,8.25949578437067,-8.433376320363132
#227,2.815352252683982,-1.2219597879027964,8.046592069987296,9.219447223337992,-3.23519108469133
#228,5.959244182303626,0.9144679812943721,2.397002185087598,8.693766317983217,-9.140556621287521
#229,5.648583109433154,0.3260639079545916,2.942356733610749,9.363697185638992,-7.833035314859572
#230,4.623399188551195,-1.7348350231212109,6.166028244308425,8.436643062600794,-1.9696410522368484
#231,4.701301652695187,1.4583519637372677,1.4444277010226279,7.69640569908437,-8.643822192036952
#232,5.313123316087113,-0.2679928993387566,1.626707649839316,8.436486323870676,-8.833742159474836
#233,-0.20616600793262418,2.8042686086226034,3.334137068761331,-0.6474126701066372,-2.474133892582941
#234,4.306398933645252,-1.9261539438720812,7.4973546072278285,9.605496770202304,-1.5405139119668418
#235,3.319787205827007,-1.1407858248578886,7.226280234411028,8.401380601701968,-2.1696900592086785
#236,1.7849800451270794,-1.2025189861083487,8.77399387384995,9.666213390988991,-2.1141224288422973
#237,1.0885775946242422,-1.4614178195082759,7.471761857499968,9.915314006917274,-2.259625010173532
#238,2.8398453963345034,5.595165248004047,3.355963792935327,1.8158664863238592,-1.685704484796613
#239,4.844793160340735,0.6361684336994692,1.3565647182948388,8.373825326819057,-9.337462376240408
#240,5.787095543703467,0.8887504356977922,3.0244171535128714,8.66740437174106,-5.783005009192842
#241,-1.2747582139015723,2.6180632166644213,2.85097367761034,0.5550791306110059,-1.158437105817984
#242,3.720979100849887,-1.7020620391889265,8.849468919754068,9.768942592776577,-1.1349968524527478
#243,5.235206553064331,0.4206527527467876,1.3608787095595392,6.945828873423309,-9.241748390544766
#244,5.108473962395619,-0.4456956140716444,2.8539759149091886,9.943795786801667,-9.247361907930728
#245,6.728012124612105,0.18730586347107242,3.492200061811778,8.39382336672418,-9.157970660416717
#246,3.0879342523746134,0.42940251544673247,8.332097206569195,10.261108790918545,-2.6575972643636963
#247,2.1004662018848452,-2.5116995404010276,10.095312769423423,10.568437378606593,-2.543889202219291
#248,1.8588699649303884,-2.4717635617296088,7.815739093932315,10.22837400653062,-2.7102421015096296
#249,3.524424355583583,-0.8687208497835064,7.796888081762988,9.201279535838648,-3.708126703318558
#250,5.265737646354153,0.6058421929341089,-0.002262259269179223,8.196318974453073,-10.928574447643081
#251,6.445224958768312,-0.24385892504083695,0.5426749436757031,9.197022360437785,-8.621509703731732
#252,5.446240073743853,0.16820715164450478,1.6732443737873168,8.300193387949415,-10.995390170088704
#253,2.3207855584419375,-2.030830344196057,8.119659280700105,8.993883356927284,-1.8479314046055435
#254,2.7264451563535195,-1.4206543434768748,7.892977235192236,11.267188484228187,-2.4954666378120796
#255,3.961883447528648,0.0033291948867140153,7.304003956472449,7.643623540520925,-0.3001426474427915
#256,2.8409690604226574,-1.903278925367028,9.070915248370923,8.991479956643358,-2.556314983339242
#257,2.0213530828932784,2.631358693361544,2.6237337339913407,0.5277475861195953,-0.5772837957724355
#258,3.0230652451625937,-1.6948785266467832,5.582353894179091,8.294030535551078,-2.5137597825095312
#259,-1.6383267781176958,4.783893113428713,1.3064811360104098,-0.14973614519952338,-1.6419563706985378
#260,1.6719068087393645,-1.009108653386506,7.413227378408052,9.62006363179608,-2.015788024454079
#261,6.767433222557032,-0.2808977495432997,0.9185649727111901,8.508037146858133,-7.382636539493002
#262,3.4532088531057683,-2.7169908750483263,6.475030912462377,9.845235967958867,-5.385500100622798
#263,6.4713118627247255,1.0818531707847032,0.0067902167283377945,8.81439051768028,-6.477068782308189
#264,2.936354186332676,-0.7819872049356255,7.602731457807167,8.691037615697857,-1.7437268392095562
#265,2.024252303239865,4.553744868267428,2.102171982952303,-0.13457937679297083,-1.1237183316669492
#266,6.865960814149061,1.2772524022927139,0.5193528511984238,8.022268207530328,-8.277817520994974
#267,3.7834223684620074,-1.195325605229185,8.52170995210052,8.669809296172673,-1.3015972649319796
#268,2.653478400921941,-2.0241556726337047,7.67562051996715,8.673838063197795,-1.6063571949521185
#269,7.371751639411537,-0.1255510706502201,1.892708520289256,7.813069023788207,-8.949932505582407
#270,2.0084150568371113,4.843739759615133,-0.19599366594710776,0.5540464036755535,-1.5948475450499404
#271,6.021090714710605,1.0727256765280397,0.12383333531924601,8.798788106602359,-9.114096779030861
#272,0.5740452614029787,2.770771814948116,3.601513078037514,1.022210304571784,-1.320354165074893
#273,2.889093442176003,-0.6172188111614515,7.877676359867677,9.443088743497034,-1.50791638814187
#274,0.5061228372121156,5.063611043018868,1.7722731724170828,0.2416694800540764,-0.28477551821544766
#275,0.9926624263318071,-2.811979512419647,9.236506805051091,11.996942964424235,-1.030034921401255
#276,6.712000727457809,0.4294331089855302,1.2939051831688335,8.438525454896942,-7.083831517932988
#277,3.0470745568918303,0.5144128120349887,7.419743415890079,9.579060398560497,-3.3572714494912015
#278,6.796081651101817,0.669960673022457,2.280450598350784,9.123679750670266,-8.202091959632147
#279,0.7000780712764443,4.359134185928351,3.1012754895014716,0.9993056416778926,-0.9667406703334248
#280,5.268559139405891,1.1918697853677,2.2047917199927434,9.060338458644171,-7.388312479979817
#281,0.8613712245186961,6.0468260475177145,1.7333883305492221,1.7272347535823291,-1.7342220103947596
#282,1.9073713601746438,-1.4572305350980252,8.73298945863246,9.454480807874997,-1.504387675157267
#283,3.3977459039202325,-0.4084359573306138,8.320931285651028,7.048840405424803,-0.5457794869220847
#284,6.117893062788159,-1.562849624947054,0.4918599874480103,7.740635687869985,-9.45349961796969
#285,5.1578549723485825,0.15891940377106273,1.6445396721270298,8.069698613522357,-9.290717846504252
#286,2.297810226599717,-1.5457303507451692,8.348420307857548,10.276079950131248,-3.350673189565695
#287,4.552117927921342,-0.7797127906745913,1.124837447239012,8.976113786377844,-9.04004447158591
#288,5.075068591770998,0.8177941192865423,0.3987488118237408,9.408775996320513,-8.639958227641902
#289,3.0851566416461047,-0.13484150645286563,9.641910333911301,9.347068887380228,-1.4519502600608059
#290,4.869323508881165,0.7417965163069584,2.5993636098161517,9.124236877209963,-9.325407146794072
#291,3.8942403225168825,-1.3320766506760329,9.37972355202312,10.568316091875687,-1.5146991990137715
#292,3.8168003273700255,0.4063035567693052,1.8819835224200696,8.401597804149084,-9.872233272298233
#293,3.895355463133212,-2.717240080546714,6.42569552260112,9.297320067000147,-2.3656952857194957
#294,0.46936502727463925,-1.8634671597750758,7.189202560540761,8.218155590057718,-2.486154116502872
#295,5.914182039820194,1.5316776509741186,-1.5657605390165048,7.271988608092078,-8.753489408206
#296,5.223596838457576,1.7057208694476707,2.282365116853403,9.538009826654944,-6.792315223618413
#297,2.2686050412533616,3.3650254203304075,0.8427346182580988,2.5713111386609047,0.44848777102196125
#298,6.640421706178674,-0.3163753536298458,3.4310880694528763,8.504130029684378,-8.286120542416235
#299,2.364115849810496,-1.382830323803194,8.195072138820798,11.109035030186284,-3.511931575402917
#300,2.9694402374398208,-1.5108960542629415,6.579730494489315,10.127781705762414,-4.355722812924518
#301,0.8788400387608959,4.942660825734546,3.116654204837603,0.12407688996163968,-2.222919450822465
#302,1.9862320036944627,0.6815533397185232,7.649974051276078,9.014903290185687,-0.8512484554160531
#303,1.9490971504615442,-0.9764330505693927,6.694777805212583,8.470780140819821,-3.9124428276445533
#304,6.838450631501944,1.397677118740381,0.15097742737008124,8.768627038478687,-5.7167283938166085
#305,5.7738860512724735,1.0466571647276146,3.6283966000165155,9.246646173140958,-8.578692343775105
#306,0.34853563744877814,4.174470507579222,1.1567281086407188,2.828311379274299,-1.3282975001660782
#307,4.099071329741639,0.17715842783260627,1.7305684393684375,9.310176494697853,-8.391779949423896
#308,1.4646965459991084,3.4654563619162797,2.436431265868252,-0.09323962221964677,-0.5090239635046208
#309,3.888010838118954,-2.360506142776102,6.252008760782194,8.523378533643584,-2.4018156770578982
#310,1.9962498705523513,-2.3181057847514124,7.678435635735365,8.030087881156506,-1.9218815599835937
#311,0.655490209315536,3.711122511840907,1.663238095121252,0.8622321701778977,-1.8380650118515247
#312,3.96838415737645,-0.8982720347953461,7.189266735477599,9.774987448448375,-4.023250356559252
#313,5.961326361158805,0.5690818017529102,1.9018638599447772,8.054520438131549,-9.54430046148495
#314,1.3762266453065903,4.3346899769280025,3.6121729234400464,-0.68782737429645,-1.6638249365781155
#315,2.47258023284472,0.8605940370026142,8.0930372341627,10.992340288572949,-1.7948869049149323
#316,4.906566143278381,0.76184764502077,-0.30114935127351905,7.517732068093224,-9.478213912032905
#317,4.638084438314191,-0.0363522503746635,0.07877693875245884,10.093826173091378,-8.94457828154571
#318,1.50123208758489,5.23510636965904,0.22914674076748742,-0.3933221213020919,-0.07427097723925313
#319,4.743758200946791,-1.2276492429687167,1.1347185077665434,6.403578540712394,-9.57716725192212
#320,1.794705582441005,4.705937143013303,2.173323079759186,0.9331064320771705,-2.0048051088968366
#321,5.880149712076719,1.7350339926069216,1.3929987444584786,9.872363002017925,-7.840859802675626
#322,6.296003013019417,1.7479640288785532,2.770247773455144,7.96353556228674,-9.162827032806879
#323,3.2749245209033413,-2.357867865718437,7.885526710460267,8.793238832727198,-0.9306978681830793
#324,6.164477180832332,1.337035447897755,-0.23377161241149613,7.984512370037269,-8.23795975374523
#325,4.879114049133144,2.431118796733203,1.4792562542101988,8.043055865794123,-9.472166801643574
#326,2.8224397217331956,-1.7889654483993414,7.43327604952576,7.965244280030432,-3.8584123723646977
#327,0.5925928927020403,4.595421367582445,2.128124504270318,0.8791094147950952,-1.4268667284112482
#328,6.478390280296198,0.5357075058414195,3.0081587889331716,9.74957739567512,-9.235991522504671
#329,6.08504895511405,2.4227594782609927,2.70659308399963,9.32403520121085,-8.695244544449496
#330,6.544326824906579,0.6892421312516614,1.2447728295111762,9.852004690903325,-8.166999473210607
#331,5.802419506574113,3.3841350769665457,2.8483200694498905,9.264487607957323,-7.403432959774061
#332,4.8125589588594435,2.1795320435005285,0.9901983141988232,9.444961444064523,-7.767547532205815
#333,1.3169675146930742,-2.125169242340593,7.3747142031900745,9.012542776907782,-5.282258930779527
#334,5.798004514907984,-0.8153231162062755,1.4907373473360641,8.152973969911724,-8.258953229461483
#335,5.122528365286938,0.1619406010439236,2.493646445607941,8.701076253156252,-9.334887786065835
#336,2.4665099336262406,-2.135312570232294,7.738408661760182,10.339697280605192,-2.460460125795253
#337,1.4847709311433912,-1.9115698358841975,7.863573944704653,8.12912043963226,-1.4299002216693177
#338,1.938629101328606,-0.9973471033275316,6.69826150857785,9.017068947702702,-3.7787090185060777
#339,0.6972662703558763,6.760616382071364,2.0812466675623744,0.7786781056426271,-2.466967879617492
#340,0.8791624386289575,4.497265955874905,2.6320008705543256,-0.04826666919246125,-1.8382070006515887
#341,6.029613487416917,0.32136741454643275,2.01931114958019,7.526091407453437,-7.75655999921084
#342,2.8863564410405895,6.429924636935349,2.9387792789630005,0.2288578248539117,-0.6180113237239868
#343,-0.7407014563255012,2.841921796906557,1.4841654360419843,-1.0702645416949217,-1.4660208128225722
#344,1.521440123365768,5.093752140889595,2.25460690015511,0.7576687253388447,-1.6399699186968517
#345,1.2048520895693993,4.046123568061613,2.1056382376223515,-0.48254721511197873,-1.7885760802142543
#346,1.7499995577423777,-0.5613060280859226,8.52378869345927,9.205375722243607,-2.0557875090347686
#347,1.0118689614326335,3.5296497133841314,0.6788597511402921,1.5642422214478153,-2.1743012892368263
#348,2.5274946577063804,-2.699553729917217,6.822582464091697,8.334921971144546,-3.5177197592247147
#349,8.247443096064417,0.9056972079149037,-0.03307835604317111,7.625367713047725,-8.257353043737977
#350,6.504603782280169,0.04303355315843771,-1.7560624660760542,9.071028440685643,-8.932969846776968
#351,7.36818620687327,0.9369007649102005,2.204398836284496,8.280762624732331,-8.367310227032899
#352,5.523123280390616,0.6684647625539964,1.774856079373777,7.9473634696140385,-9.695111582626446
#353,5.246535274863062,0.615055326024473,2.818917628948285,7.402174700733621,-8.501242166086293
#354,3.4959480269287604,0.5804836236261903,8.465757664845915,10.245241023392673,-1.5144566106743422
#355,3.422023414129872,-1.1932575435162436,6.180991979197234,9.478646768997564,-1.838442813787882
#356,1.1534506820985062,-2.3732313416578883,7.090444593439936,8.430531436187522,-1.6375914165534509
#357,3.381400750294629,-0.20532853392647255,7.666372011221007,10.826882300772361,-2.6140904678770447
#358,1.3298101851531805,5.334129558872794,1.5523269675422073,0.6416583312875379,-0.9841955695829803
#359,7.833625162662109,-0.2582126947976294,2.030122159073594,8.326168867265435,-11.126628343342706
#360,1.3203116425315131,3.19447230991688,2.3973250342020824,0.3207765364509121,-0.39416279254499553
#361,1.1312038559873776,3.9976874883590847,2.957208338664322,1.730042426357846,-1.9486098916687593
#362,3.2225604013310103,-1.4067414822705173,7.667662929648222,10.410533876911936,-2.001870411210945
#363,1.563097952890042,3.375921952537797,2.6919440355532185,-0.08183099848710906,-1.5785427607916782
#364,5.3472236070325865,0.7946933122945699,1.738983537971516,9.3749777559203,-9.301658802384688
#365,1.4258826908237516,2.924736883954861,0.5571452319921333,2.8065656027845662,-0.8409245771764081
#366,3.473763011306169,-1.9351886602691475,7.34071621894798,9.0268317062053,-1.7459326127736479
#367,4.509428949817847,2.5634609559338606,1.201398749902068,10.434473253573488,-9.745792554380321
#368,-0.5025750490550682,2.9505873861990137,2.026321993147885,-0.8197688115181261,-2.6798132703876334
#369,1.5569401180908016,3.5687952482271506,1.7694030910962222,-0.028878066338288377,-2.0339870228127888
#370,5.3943957695970015,1.7233225200272966,0.4688373142389298,9.997912804580112,-9.150812191899954
#371,2.8735840727963864,-0.4828179663270058,6.868610914687092,10.383732120152443,-2.5228944009866385
#372,3.5090056556649225,0.49964623461700897,6.943646096748626,8.235390026902397,-3.788048680415918
#373,1.6532968900763438,4.727842525891357,1.5695913486309503,0.8459664228433735,-0.9598476411877034
#374,2.5166589905289416,6.218141706626394,2.535956816736805,0.9099729548323263,-0.3126604392745467
#375,0.8423778439552547,3.728019425578588,2.4418191939130653,0.4983108194249398,-0.8515226502438524
#376,5.030339131747963,-1.1566575885590693,2.352331588285337,7.25982748781606,-9.04285422638219
#377,1.0669623412990308,-1.7421032517658985,7.338144949185282,10.89486825829475,-2.767230469870627
#378,3.130727221391179,3.624612560798888,2.6028516945233955,0.6415672484304615,-2.762451746130532
#379,0.9027613381093005,3.5079009448540877,1.0670183123889836,1.0352794810780583,-0.567632346837252
#380,4.697363284088219,0.6197597337301938,2.208430840387367,7.13044557793618,-9.509416671075089
#381,1.287865010656407,-1.6178879593314195,7.537454036678453,11.023048152589862,-0.9400603507891356
#382,2.1417521928678593,4.539563612538105,2.4391704701306907,2.1101363883313278,-1.3067047011778508
#383,2.508852909955838,-0.6936302818008848,6.746193128490089,7.310441621684432,-3.533570973578386
#384,0.5089187959748211,4.869950104631135,2.8339344021241732,0.8866896766033916,-0.4510194503013656
#385,7.27602415743722,-0.161232326063396,-0.3873525436727683,8.472985083187655,-8.102667032461813
#386,6.287228300961712,0.08370259512599981,-0.3315098622822983,8.045131743131094,-7.269843754315753
#387,7.720418953215059,0.96291189307001,2.7220553548749358,8.749240250527848,-7.9375360382173685
#388,7.010077998770891,0.9254635508655101,1.6734385472446425,6.370049587852643,-9.412689357568834
#389,-0.2998577387441774,4.938405803101179,2.88922609034584,0.25525404267072527,-1.6269242685143548
#390,3.2552132878347093,-2.728913979091267,9.005218019362587,8.552126326975472,-2.4619013390295197
#391,3.6200208214707974,-1.8152025114339394,7.434384391591639,10.750856985105798,-3.029572200777069
#392,-0.6301963802013375,4.4657768426322075,2.5903058388821285,1.728252269803542,-0.4832744244207374
#393,6.632483040062513,0.42424164082331256,1.2713107777990245,7.357262859877739,-8.461660748935628
#394,6.307516861137881,1.0369096591781877,0.9679238403028569,8.911019116114081,-7.63291966083226
#395,4.247067424904377,-0.8278269834581746,9.04579451111773,8.237738023853716,-1.8364197610265045
#396,1.5201912282700272,3.1991008278491284,1.331546156690223,2.6252303556722736,-1.4768467607336782
#397,2.131128852601027,-0.80830999095523,7.964821532756767,8.590390900189957,-2.80472626794347
#398,1.193617359329935,5.1821695129576915,2.320333407660474,0.49800130637130535,-1.340567289167367
#399,1.6614509920644007,5.251661933668631,2.3969075504572177,0.31054457686740544,-2.0580831741990933
#400,0.21532278319517761,4.218356009859295,1.265303885952501,0.4268240343353778,-2.55995772679418
#401,5.17754568610326,-1.0760901694980602,3.0120714886202546,9.946041425886818,-8.752732761389067
#402,1.020044085748039,4.041768162408169,0.45365763815802107,0.1549415176902118,-0.8818464863578964
#403,4.0036573349757845,-0.9538935689809174,2.0730580918859456,7.8582681281457685,-7.8881501291905645
#404,6.969460784069056,0.41349146406332205,2.09135894057144,7.058898968701875,-8.208370969730758
#405,4.406182722430743,-0.9578232295154592,7.5529670104745765,7.151127581741607,-3.1978075989880796
#406,-0.6448174179247121,3.7221143303610016,1.5174335683345541,-0.6583600177573705,-1.5813688570031597
#407,2.421105788564587,4.4966481906579245,1.6344027010105897,2.637917120875872,-1.8909907890033848
#408,0.1029523547115827,4.2219271952664625,3.2271624384142905,0.886728778570412,-1.8543294012494824
#409,3.5574823345818327,-3.561518618194248,8.353097438126552,9.44363525360065,-0.4336748039287519
#410,1.9719814271935525,2.3705825480412743,2.303798148862569,0.8664183245139856,-1.6663779757115775
#411,2.8102387577677788,-2.304526101886401,8.592306349268137,9.156829778011875,-3.498835325468331
#412,-0.9381375473639362,4.377022896606345,2.8049556544254894,0.9838019601345946,-3.2641389404129977
#413,1.9028460763159045,-1.210286743199894,5.005231007691725,9.410225860726605,-1.4954044797884345
#414,4.371104405437032,0.4045080530562818,2.1213117227030303,7.826939308740865,-8.097450905223488
#415,4.517788400194441,2.906902941430592,1.9581636452563016,7.108327671495609,-7.9998966572066985
#416,4.599259708978182,0.06785405745173934,2.9126276335545134,8.93807798711902,-7.781793028022857
#417,3.506779046051298,-0.548356579200631,8.316833877061022,8.381289721559465,0.7018575407555825
#418,2.0536498389488997,3.1178909414540863,1.5214910200731044,1.1740290752432694,-1.534147164202384
#419,6.328031436171734,0.41550471711667686,1.63503237609606,9.18501715724173,-7.404442253129384
#420,3.307231590488653,-0.5118972343833119,9.163746131076959,9.042797927548477,-2.881192720322214
#421,3.714699330514561,-1.605563385427109,8.699934581545513,10.469264299129794,-1.9796823894289972
#422,1.061880210782285,3.8613294407494867,0.9653600200447816,0.08128071236428636,-2.4706337083117678
#423,4.0846035704768235,-1.7254765117084276,8.258861734536687,9.504984011023797,-2.516429372938839
#424,1.210711010715016,2.198064044778672,2.672201758757556,2.3852096985704954,-0.7806742295985258
#425,5.308500596884991,0.659435232567873,-0.22164924598946167,8.998736572449838,-8.30684995362753
#426,4.602810480209754,1.3545436973706733,0.4517250615843269,8.585754568610097,-9.361244998873627
#427,5.31575627293095,0.786995840276116,2.5328099058221865,10.971923610981566,-9.219769071976877
#428,1.7082255610963397,3.7523381472485635,1.3031338088991462,-0.1636969171761704,-0.8517707096034803
#429,1.477614438397519,-0.49425077704801545,7.6294151525846825,8.421937804691103,-2.659748307416331
#430,4.172742660205342,0.16303909422174745,7.967007899247357,9.168881176522472,-2.924645615343855
#431,4.183201522174604,-0.6595343135957674,8.150818531870504,9.623641713371201,-1.9725152395010497
#432,-0.24083672189703598,4.463273622791651,0.34058005508980127,1.1161840432066317,-0.21213989458869342
#433,2.630110390576723,-1.353729943539374,9.158145994335433,8.821518699525106,-2.003742945892135
#434,7.162270387827512,0.42152362963746004,1.024256803865191,7.890869682709793,-7.848707959914281
#435,0.5698202399577071,3.0147027926584613,3.4377761673933067,1.4125613177720497,0.11382046444442895
#436,4.956156534738925,1.9973588353647227,2.8211423145496344,8.537613348679963,-6.477592312792264
#437,2.6131429544531217,-1.2807080244135352,8.268915069982114,10.446194571391544,0.2771563899749365
#438,6.9266146673666125,0.9913424947061965,1.5906029275196238,8.549110268672521,-8.703774553658704
#439,0.8420124275118694,-0.7458300822453373,8.34029365109723,9.6230009804102,-0.5444059291700154
#440,2.011007676121713,-1.3534463079450414,8.164930315040706,9.092060150930061,-2.3448149696672345
#441,0.29221082653049,5.566109513655447,0.04971093046942476,0.5656332634722321,-1.8230044161254493
#442,5.813119009220323,2.1080313449705725,0.6630424510250192,10.027439828735854,-7.533431423698266
#443,2.4897461693553344,2.2029625944122797,3.0613404432145055,-0.139451209586817,-3.332171641184012
#444,3.324964807546756,-2.3340358241138826,8.913750646062974,9.664714805084063,-2.8099346739210787
#445,5.270573834897103,2.5495303013225286,1.226328311761555,8.444434034679459,-8.802383294355254
#446,5.60294887082135,0.44819450488245727,0.22054790145097614,9.25180779187965,-8.263972391545106
#447,0.5055149937166669,3.6000077029274453,1.7470563333445042,0.4897201345041739,-0.9247871094058787
#448,3.5327323635374035,-0.15149608297991946,8.715284438971567,8.587830862916272,-3.1754572137266424
#449,0.5463627318585385,6.0360138303357544,2.554017694240819,0.8501664329503862,-1.208146545027037
#450,2.612719856630128,-1.791563056234395,8.254225106769285,10.883961925555168,-1.6447187443666107
#451,3.3752747242527925,-1.1128159052483018,7.819532557741716,10.191181827144655,-2.781183675644773
#452,2.9081140478271372,-0.6802110077984826,9.66367405066075,9.966253932230064,-1.501596668382141
#453,7.652432825444137,0.7411184737140539,2.369426917186477,9.035447513564245,-7.751793365425504
#454,2.0655791236511085,3.919601646450267,2.6874689355933334,0.34800775905811376,-1.0057782737129686
#455,7.0273673669335714,1.7988126069060884,0.3156876755577245,9.714444202989323,-9.112735203375324
#456,3.373002778118807,-1.6060640256177297,7.2182192278774195,10.011748794974887,-2.6003605027518684
#457,3.9988347067519423,-1.640010261563424,8.798718610373559,6.902407498895888,-0.19898212035698082
#458,-0.43205671469890716,4.400098117119562,2.008138080625423,0.0017366063785346775,-0.3248298072478508
#459,-0.025314829815008988,2.936646343937625,2.3795391598458813,2.1945066501802843,-0.2229965594148311
#460,2.364744078133745,5.078112430064455,2.9945662838037697,1.3405895555767435,-2.238798325726276
#461,3.639933166427066,-3.0101460456457785,8.847168407053784,9.075817405289639,-2.6024026962521054
#462,3.309695175187137,-1.4693676279895427,8.165286435661333,9.55706924725559,-2.973504724176523
#463,2.2345601124589662,0.3697832585590233,6.194237941204506,8.743266854317914,-0.8081739203858813
#464,2.957698127913378,-0.705608136464243,10.695514580044469,8.917739779767805,-0.9644107627509486
#465,2.3472522434460847,4.577861859433781,2.4590765503779823,-0.14236499363810662,-0.27351919037443695
#466,4.283220740916881,-1.3691499570098227,8.413159489011829,10.001583852115159,-2.375036781100619
#467,2.1209979912448698,-1.5243751002513326,8.272290312487806,10.159892146270007,-3.8466683701311113
#468,0.6675115224282602,5.925011256381566,2.518807286661118,1.1361442948186746,-3.205348191244015
#469,2.4300480376503595,-2.1981297105026236,6.947950945059072,8.29306082568413,0.3661836609575806
#470,5.0433028961845325,0.9811506636833045,2.8596755157955354,6.950306354706923,-6.726458064183571
#471,2.5036547728271223,0.3564311699324385,7.507289292096169,9.217675446357527,-1.5455110710934896
#472,2.4155498379464997,0.12738615296772715,6.036768273268347,9.665988496602761,-4.20462044206132
#473,6.477496870021135,1.8321631132758245,1.0028988093877125,7.903773490542285,-7.9738788215469985
#474,0.2355226078848487,3.628765495885988,1.922483265312839,1.5174647232607508,0.2642644479880101
#475,2.0513040882646765,3.3377192321014597,3.112255413251149,1.9162127840603098,-0.6080293016521909
#476,1.8006564171715396,4.004178904552639,1.0802865556192363,2.828165011106808,-0.033049733743752086
#477,6.335262779242884,0.1466255025280846,2.1296542123309017,8.361086320908928,-8.630530769763206
#478,6.792127731212605,0.4707384512846068,1.3239473398358692,9.852695769403862,-7.8038289049673155
#479,5.753966319758805,0.494534379430225,2.1853191682697037,10.56919770946698,-8.919968527659039
#480,0.41647076469561983,4.037462442501684,1.7360441373166444,0.599653556241595,-1.4042157734668042
#481,0.5899319161756007,3.6143740055869715,3.666045093291691,2.983638155493366,-1.2941357219899992
#482,5.23841326872572,1.1984750152339148,1.36894952008186,8.132465614887991,-9.679336869521887
#483,6.3656709236135525,1.1798818439563226,1.2696605236659884,8.260320706147999,-9.02952761710217
#484,1.7664813448918384,4.414514192173092,3.133174997509393,0.8756385446274195,-1.9929506059963642
#485,-1.0429856383409182,4.7965514291116325,2.5622222511014257,1.0408459236833325,-2.032467321164855
#486,5.848803029974776,-0.5632473544061689,0.28471645851294336,8.64411835330181,-9.655960363797139
#487,3.546574308099272,-1.3525672721129018,8.201136138402733,8.465732452243554,-2.8019588259115573
#488,4.440968907464395,0.2605038971845528,7.38562473958759,9.225305856471351,-2.6954204316659487
#489,6.189322304878556,-0.8422666446827569,2.0480641889787607,9.780333789227823,-9.336455428983573
#490,2.0942686859413966,5.368037010388572,3.2065973560408443,0.12520595291278103,-2.8205382923159465
#491,0.7584668598864046,-1.0991901940670645,7.658896922122961,7.682732157677679,-2.3469593606534382
#492,-0.034100055315040345,4.07175966860524,2.69431623475201,0.669702415836849,-1.414311176650077
#493,3.576580846650541,-1.9510300080888676,7.090013902401646,8.944317139860699,-3.3889476737075697
#494,1.4546749583789118,4.39552497920373,2.097920998298672,2.261915397167895,-0.427315107735581
#495,1.579813802866087,4.671854757186434,2.094332099600521,0.3538086821482087,-1.4208083237382292
#496,3.0780295393042945,-0.8125714496717991,5.3056016440155,10.034327070263906,-2.3874760298995072
#497,6.5574544423004255,0.055317721464797964,1.29556002803612,9.260925483374873,-9.30522245198043
#498,2.8821779730638384,-0.43863475974460264,8.830860127099083,9.89270248471847,-4.2044586607836685
#499,2.118774718678365,-0.33830246874368686,8.818054934015816,8.440487417470854,-2.1590126995455243
#500,0.48620215289375357,4.91124005660145,3.97525727656772,-0.37622605972478107,-1.0940284119309467
#501,-0.5983120682744103,3.808099129961558,1.9376927284494676,1.2707838206772124,-1.912932784250733
#502,1.3996376868355451,5.481469457058738,3.9039383477485465,0.16150123711070918,-1.2463777202644504
#503,4.334257267128356,2.602754957613459,0.8808083888984957,6.139048417909811,-8.854747894275208
#504,3.5864446037189897,-3.7901051314527066,8.390680416966305,10.083259275372308,-6.15610976991712
#505,1.0601588717080517,5.9805503269558296,4.233802321993237,-0.9529112998948652,-1.0777366476959684
#506,4.332976947448746,-2.0216203872719234,6.979747357986055,8.515972239472887,-1.0067135451213531
#507,7.093428201683928,0.24059979326727654,1.0300491714423923,8.39652375303675,-6.816634425720312
#508,4.633975423326577,-0.8867401304552094,7.204994101614391,8.622200156932978,-1.9815319694906477
#509,2.4963939348866493,-2.3045552295021174,7.348861385671405,10.841700435032033,-1.7141538895826844
#510,0.7450833689665202,2.6935438674326924,3.485869419405092,-0.8277220616178764,-1.167654424579775
#511,6.252045146123409,-0.2296314504046042,0.8039687359882113,10.675198979565009,-8.279778551779984
#512,-0.42427118880306924,4.11943675080736,0.6640744061263064,0.9339234016315276,-2.341309574580072
#513,2.5698372427952085,-0.4723534714626769,8.237972261312471,8.961068753007972,-2.967269457992704
#514,2.747952267056246,-0.9623003851506078,6.352720056958999,10.917181477913191,-1.2767316125073163
#515,6.197390255464166,0.49804912674694984,0.028703830221799898,8.963488370926921,-6.390539654847445
#516,2.414471935734713,-2.410753423130423,8.414204835971452,8.420867743163704,-2.8976014165966193
#517,3.551901421229969,-1.0479264448383407,8.65002111348686,8.79349364094868,-0.35376036682622813
#518,7.01776836925886,0.372510989036026,3.1943427729430107,8.734658204943392,-9.078870390479569
#519,1.0178767381836988,5.4457327157156605,2.913680549404393,0.8155743056631346,-1.0788999513036803
#520,3.602869198909973,-0.24814649432756908,7.272843624943235,8.539815778405472,-0.6484008997726154
#521,3.3171498028577826,-1.464563624326583,9.566654974252856,11.137729178884397,-2.933442682155392
#522,0.7968903856632288,3.611016750873321,3.193094387063329,0.7285064087960212,-2.290817685449407
#523,0.21456013689238873,4.878639689183746,0.9516310503964236,1.193730083670001,-2.2988901920765454
#524,5.7922118275988295,-0.08962222282632293,1.185101950217693,7.897770259657076,-8.619258332947505
#525,2.032510059567251,6.5731468855005,1.0223886420733959,2.50196636231595,-3.596167368271605
#526,2.6267671827574097,-1.732365183289387,7.075929646922615,7.800233008331405,-3.072110789915065
#527,3.9493033755483307,-1.0222263443207908,9.090726925306447,9.142034548471996,-1.9719147387060034
#528,7.649324413981831,1.7145558589432297,1.9253560203474787,9.36229524647542,-7.0811190071983106
#529,5.613447402451729,1.5233408541446498,0.9947674421070284,8.596416977768124,-7.682718790089666
#530,2.2493947681691666,-1.6998742209720745,7.520792370961188,8.609084490191705,-1.6826706732801155
#531,2.126906427355108,-1.1236927103100685,8.363515731729645,7.825710626973194,-2.155095410886986
#532,5.170658910426415,2.4674746498428046,2.3262085218165964,8.523352652992228,-8.700953143829217
#533,0.07127553217709948,4.958285452681833,2.516598568017765,-0.7569275665328834,-2.9123341324476604
#534,0.8330468444689917,3.0776465370776576,0.903801875956098,0.6144777841763877,-1.596763768370312
#535,1.5660692173301145,2.8248191991500007,0.6323115542675168,0.0712025392645067,-0.7426953869877388
#536,-1.632671570036102,4.815006678362617,0.5769472584331332,0.0910568036573991,-0.7536576831218419
#537,1.2584676533049177,3.463703670601396,1.075296527763593,1.169865854579228,-0.37746339008725327
#538,3.8194122905758765,-1.2453848624014319,6.901763599260217,9.467043509970306,-1.6398609838749816
#539,3.627096615895341,-3.2427559029077715,9.155796240288344,9.63689419931806,-2.108547708121717
#540,6.407625449156372,-0.3132176142999774,0.9537451301332275,7.822297492714303,-8.6237684224027
#541,1.9938588986069896,-1.8770977076356536,9.864951395561981,9.603054838674844,-3.0549005764577473
#542,3.338897539999517,-1.4883132192975195,8.039008368665021,8.266155727015388,-1.5625114775637279
#543,0.691710584142025,5.447064199896019,2.798409064960395,0.7604136183469785,-2.134925025018423
#544,0.05292838229968733,4.962564883921498,3.341240082534489,-0.2574033705758827,-1.4080275590703337
#545,6.742322887034828,1.6948154189295255,0.7579678819788901,8.515465680692023,-8.610929598010971
#546,6.137251806764734,-0.7772676370893656,2.0171951726354225,6.973586162996492,-7.296319214009772
#547,4.1315317989490525,-0.4078648963829996,8.10366643726418,9.322252970830732,-3.459453059616454
#548,5.021622899316927,1.3001253857170987,1.6727962630351016,10.633008933202225,-8.106872390159362
#549,0.21783261771131046,4.727065745114781,1.9687837007636206,-0.49834174924515695,-0.7721044982310777
#550,5.300776593750967,-0.06162538837599685,-0.8406486606522039,9.727179628589052,-8.518615239477985
#551,5.730481305895583,-0.2409583661524799,2.4160056926253084,7.864498818035083,-7.7709002697231275
#552,2.0090942012498747,-0.11143810446525904,6.930121942583494,9.643975645704487,-2.636993179374375
#553,7.142089819101206,-0.4953637944561311,1.9506334892268768,7.955853182092526,-9.652031583826842
#554,1.3092758204525345,3.654805564547314,0.5122110877211163,2.5571239947673954,-2.496996235506323
#555,2.6218557502925526,4.051471927073504,1.1419153508234556,1.9758938896856468,-3.495537074997578
#556,0.3130547712176198,3.369633318841744,2.850829132182298,1.0481751384622733,-1.1692643181883242
#557,1.2514683941228153,3.343032715714602,2.4321944964281608,0.9311025884465655,-0.8463367688667848
#558,2.044103653817844,4.575383068248353,2.6745692877365586,0.8390376647721729,-0.27033261293360145
#559,6.431532982840056,0.9761575549928041,2.431337216970962,9.183953439391907,-9.648468147233533
#560,0.14669889190983343,4.796546718864187,2.1453803124166857,-0.09990387890010577,-2.3269422276166654
#561,0.7216619867614547,5.277386039729538,2.262550293867642,1.9973056326074305,-0.5870070324239017
#562,5.595801020166963,-0.3849930549631977,1.5974229563100812,6.759894681417078,-8.56304671271655
#563,0.5046657449986688,6.116141978979852,-0.2388699573665396,1.54887300578029,-2.657400462724134
#564,1.6970920027194158,-0.7196466186197789,8.061292847214975,10.495277159531378,-2.3559697203808216
#565,-0.6433712670380918,2.6783612393383205,1.54082202351516,1.2104507323328781,0.03760859138559236
#566,6.802336736175959,1.828741024740074,1.7624692994581932,9.995004663420945,-9.577181570504283
#567,7.235402970002509,0.6759983386427316,1.2782986952841986,8.987854705002768,-9.738968754606137
#568,0.34929017044035715,5.950293127121226,1.9419920794920984,2.236111709731025,-1.1811130516925754
#569,1.1505004292103085,4.121489892676045,1.5853104017372601,1.069859961340774,-1.048107392519714
#570,-1.1617472708110816,4.704724426280157,2.7621099101992153,1.690271444666024,-1.7603270951175596
#571,4.248149384183774,-3.0946327277373338,8.914932637664126,10.47802179031636,-2.3398013094238523
#572,6.597578538632096,1.8338294062479077,1.234340902887544,7.8408193992193524,-8.800595509615812
#573,6.738625805728362,0.9354455005939364,0.8079890389288258,6.850257136947197,-8.70636859089197
#574,3.296382585711331,-2.0696051790881365,6.085585405904885,8.992110294943505,-3.078580141593213
#575,5.8640856708299784,-0.4686371282497632,1.2289320421752306,8.862586382849095,-9.662116424674927
#576,-0.10200792403659542,5.6992595977544545,3.8427515669958803,0.3281463960471941,-1.351517480552693
#577,1.730463535807092,-1.4346311211176352,6.127323393824251,9.306188625335036,-0.8508905800865063
#578,1.673642902680943,2.5663580897830465,2.171123219325952,1.2633151056472998,-1.600827478869359
#579,5.698447606993199,-0.10319220295207221,1.237512463444853,11.239880160198691,-8.985870535506006
#580,3.5785562328859943,0.8828763348547208,8.286386858430971,7.443205488550818,-2.3253178296891175
#581,5.714920690450548,0.9895384362275343,0.9637060056160325,8.32560775949808,-9.808039835610908
#582,0.17211036260464263,3.10560061432125,2.822036288009489,1.1151892044732825,0.5575376776263101
#583,3.454643894216334,-1.470390750938288,7.790316318232552,9.700744403502625,-3.075357848160166
#584,6.128241133469871,-1.1705874401118248,1.3175175033114073,9.553236641024803,-9.18730845201834
#585,5.452082364005444,0.1469357402001475,0.6555765747889297,7.768157365094398,-8.113070933862922
#586,1.8901604086278867,6.08130451254212,2.5587466458810817,0.9045832157444361,-1.8282112190139634
#587,5.013411475764578,0.7135764887794439,2.94971455725404,8.12614107509981,-8.076399901908498
#588,2.784122569651651,-2.6352974627418977,8.344593576975692,7.531969163323143,-3.1286500665544414
#589,4.845561671600674,-0.3468816419664369,0.8825596869602029,7.340424205318173,-9.279948815700957
#590,0.7301992014880357,3.548715368863436,2.9918330398184327,1.5640819301811124,-1.7188879023119534
#591,0.4781969759386693,3.9408962135846735,2.31922783038867,0.2680217508489242,-1.9991624173966245
#592,2.4909119380720544,3.4420437953888396,1.0704082401465023,0.4789393118315008,-0.8155382189258757
#593,4.767136744488257,0.4968734913509426,2.1927271459777664,5.4473659547022875,-7.245646778858848
#594,5.688887061032551,0.2723318889265128,1.383229320374703,8.545770011613753,-9.61326909531915
#595,1.6173819700069456,0.5985762535691701,8.411030958158813,8.167827994904405,-1.0740721413328413
#596,1.9898968948595885,-1.6038014360651682,8.55340805816801,9.774344353845962,-1.2790689418308059
#597,2.6844321619128917,-0.949267300874044,7.942617082331774,9.227413375639761,-3.455586622674848
#598,0.3467293930256079,5.428873206382237,3.0759553537061772,0.12860166047963317,-0.5614178636840833
#599,6.765182182384585,0.17816620844040948,1.6195119154972066,6.781936315404285,-8.559256408916733
#600,3.0044435272184145,-2.101305022512939,8.079215607077117,11.453285441920428,-1.6216954003128992
#601,3.069126240709657,-0.10977075542351544,8.813145499099003,9.298467201513981,-1.1960940135295965
#602,3.1693284983976495,-0.968497222289225,6.685207758501362,9.006269645693736,-1.9689883240788673
#603,2.109935712341928,-1.4280033195931159,5.943251481173632,11.368792579385826,-1.86524455577266
#604,4.112437188014537,2.7064454462597682,1.8655425043190212,9.73273295014524,-7.606468845840728
#605,-0.7543147421150151,4.171912735701191,1.8885132451510014,0.9901183682074418,-3.6981408813189556
#606,2.7507515980378647,-1.3230257561162246,9.235000290705965,9.3630816579101,-3.336184282010704
#607,-0.9992449142330702,4.128833857681768,0.13768416505259484,1.0176560328755324,-1.4822879267483695
#608,1.1186848267651262,-1.9347830736232943,7.836832945842613,8.495503094945459,-2.2291774286504076
#609,0.632579854802047,3.1464042077774677,1.446350511803002,-0.10451956076675772,-2.0379125349190588
#610,2.1467194223847903,-1.5863817428451277,8.486605143398872,9.809441175695994,-2.4856595336525515
#611,4.98254133423978,2.117972740258952,1.2811354737525062,9.081766440366799,-7.980506795560784
#612,4.493646755356163,-0.7991358758253406,6.967329832867224,7.328910157092244,-3.4055007866369493
#613,1.275042116908414,4.526047229187099,2.4904504889942527,0.8519155608383148,-1.4770055989843076
#614,-0.49228638255966617,5.1488543804189995,1.4710770503439634,0.36766129140219406,-0.039294203555665375
#615,3.291896776255586,-1.1598274434328888,7.331088312898528,8.523672506248023,-3.3201698763527476
#616,5.074192964859632,3.052251096709129,0.3950754937172475,9.273255726112676,-8.711833091453958
#617,5.789771823766233,-0.357825339949307,0.9186672322585598,7.4127268903936985,-9.530934472960675
#618,1.032170545827235,2.685898237120149,3.2149424662322437,0.5299055850019312,-2.821582583928019
#619,0.44220160650296836,4.816011530436338,2.6610492132191297,-1.6750455001889022,-0.1325141164952539
#620,1.281669400149513,2.7739183266443135,1.3499315161444772,-1.2934598794080703,-1.4343130400429793
#621,2.825760676735563,0.5383890331307206,7.782524456407838,9.601689263731805,-1.3452832420793994
#622,6.349757714614214,0.008390674470283521,1.2085321067042551,9.121889139206246,-8.405055866948366
#623,6.143507766923728,1.3783808817766077,0.5883142096985874,8.575987461602166,-9.06046267522342
#624,2.878976313742133,-0.5374417159504766,8.310037855235379,11.252572251666525,-2.9773653088443104
#625,4.8120798253028685,0.17353437039267028,1.4751647252989428,7.647604357690799,-8.426835935142517
#626,0.012206719704912827,2.3130085074481475,2.1449982483341863,1.0125175394824586,-2.1127191956416005
#627,0.6941349369425761,3.328132661776018,2.153454212268128,1.803153613127448,-0.5081625763217246
#628,5.874713945524165,0.2629474051727299,1.8923769398968926,7.252917844605279,-9.426422423452555
#629,1.0846196273096742,4.565455804335784,1.1405121913340186,1.7559014452926935,-1.4325697232457133
#630,5.927445691388962,-0.8748361908447739,0.891631507423829,8.856961910698884,-8.600431328263316
#631,-0.11310075782598905,5.054548729392654,2.2173858090664202,1.521564103842724,-0.6764393100517746
#632,5.245071401890118,0.5167422290182844,1.897950880682803,7.460715557366424,-7.091455860721332
#633,7.424101088095181,1.002331203343219,-0.4212840017728605,8.255457955402722,-8.489956370380117
#634,5.399278249247784,0.25451023740272494,1.8987708372808783,9.033560130435035,-9.247796091314697
#635,1.599963248887191,1.834264243233393,0.9061437661860672,0.39669287387595564,-1.5121445348528233
#636,-0.7800832245402811,3.167016360235456,2.9578072055456963,-0.3880257784337089,-1.2166013898556964
#637,5.476325349400238,0.6613813798456036,1.5807158375152677,10.068625874848138,-8.976583640508565
#638,3.5570550344117593,0.6665370549432504,0.24864529777530997,7.802192809254567,-8.420914262036774
#639,6.952194073938358,1.7114161321303991,1.4162460728818538,8.241278854074238,-9.60633349063528
#640,0.6666773144056317,4.2466026272562365,1.1176057625881715,0.33435362156580006,-0.6336405866656598
#641,3.2842743547755613,1.4683669399454091,0.7531112672523179,9.927421495153919,-8.348794902820403
#642,0.9872608443577781,5.0874918507580595,2.717386717518842,1.8497037383635488,-2.157851388298321
#643,0.1776092260339298,5.2813690586678534,2.9483215314072897,0.8813367998845679,-3.4991026705265993
#644,2.649532635145634,-0.4461150291199535,6.190830991294254,9.710970788330702,-2.7612852964596764
#645,7.610547859764586,0.37021306313368085,0.7366803530148617,7.852238332226402,-10.589992050808744
#646,4.9361304822065195,1.7348307751774275,1.8011187733526168,6.792179104421071,-6.63651472329178
#647,1.0231532019801448,5.1891827939654345,0.41453540434441805,1.7486330801697445,-1.672137469632936
#648,7.251625665501092,2.5031191828903223,0.7129657946415592,8.836513201222958,-8.358023281579934
#649,5.0194656494202095,0.5735488264904517,3.0960774319105724,9.932258429149755,-9.718900125912793
#650,2.093724193701167,-0.707844007088475,7.564190078021477,8.348746087388474,-2.442558670662834
#651,4.48619337375184,0.40088046549581213,2.549093746704759,10.651729661238278,-9.285296108631425
#652,6.212526235147128,1.5738995358934975,0.18863192838395548,8.814315575531063,-7.4577841340292474
#653,2.4883425287978493,5.608769797316901,2.0222305085677785,2.0989347629329473,-1.610508441566923
#654,1.872693494730963,-1.1853218989768362,10.016502591124848,7.402928038621289,-1.7391333279635655
#655,0.9150592943404594,2.4110059701335684,1.5438779321329013,2.959562332864958,-1.6239536951233082
#656,1.988985097234764,2.561450207459071,0.9867931423271268,2.5530130599259957,-0.6749720360211867
#657,0.008772680307630898,5.372047017725466,3.2683551274802802,2.042382462320491,0.15150043548483638
#658,4.659575394314439,-0.1357417787176569,3.4235371083073907,7.545710393351001,-6.956087870201976
#659,0.5300244779171088,4.686164368844029,2.754313123610763,1.3590677453179876,-1.4024679470247055
#660,2.358386344489755,-2.2117448254996837,7.145800572054436,10.42184021704919,-3.5588536377551874
#661,2.0568713287575866,1.4109930317239883,1.2938661898782478,2.8728015002562097,-0.42096989425708053
#662,1.913649976818292,4.925528180932929,0.37439815063747806,1.5588814068409187,-0.9023965342425858
#663,5.589680200208292,-0.8128028674434884,2.324819911170128,9.647579317395865,-6.501522485828163
#664,7.960420728813128,1.107918586091197,-0.3639012604841019,6.606703969957488,-8.650012171721581
#665,3.1513593379092493,0.3158639921076891,7.533567805424748,8.133782499552542,-2.1064336138875133
#666,4.42712511140518,-1.8208670601248573,9.636621676777578,9.869660199467514,-2.5053332528146384
#667,1.301113645538004,3.1156450040350485,1.9058532391930303,0.5943347448326708,-2.886601052496899
#668,4.562197860132951,-1.4086747030354858,6.82702751402107,10.270002251812537,-3.773175531702729
#669,1.2303264038464772,2.1267712471334423,2.4223030605323643,1.2305311000357135,-2.022772042320749
#670,4.936449645761966,1.713697206416161,1.0713573969402232,6.635383669659536,-9.048672115059583
#671,2.047440793803448,-2.156053023143863,8.364122032531215,10.517176984627246,-2.565004683740924
#672,2.8353159940771397,-2.4633100028892443,8.22585635082356,9.204798154213421,-3.7522991979223184
#673,2.754614285717128,1.133754224140247,7.904999848014674,9.510515033937265,-1.1081305798700112
#674,5.4184884039884,2.1257689095726966,2.12463806968171,9.182980500531121,-9.659366529071772
#675,-0.08652484223403412,3.4173810594812393,3.976614476794052,0.4378831362422074,-2.6159384484590222
#676,3.402982079337536,-2.435780742723127,8.765242595180657,10.180811086107873,-2.1103982612836867
#677,0.3709449524968258,4.334115307729671,2.356596420741901,-0.16755473856754266,-0.9494530036385348
#678,2.369533258366723,-2.1620465481267868,6.7470090486219405,10.01190786953451,-2.7168034333532205
#679,5.862498680152069,0.510048994306129,1.2168602442925445,8.937873227127143,-8.925102730953286
#680,2.2628256513527063,-0.34621952999978134,7.654139096996303,8.474376550376743,-2.8734343643063056
#681,5.569144764390122,1.688929682062338,1.005701872212919,9.475712090711218,-7.773609709201946
#682,3.5364231864848072,-0.0639519626267051,9.801509250178414,10.259970362724689,-2.0499527327522107
#683,2.573326469352832,-2.468804298709996,8.192077540713033,10.99757745051988,-3.044080883179022
#684,-0.46764652504757587,4.9806293921168585,0.32913674231887313,0.5686828344020931,-1.8460220838196792
#685,5.815361715832349,0.8321458680647247,0.381216231366297,7.201619239519928,-8.68665715427942
#686,5.172448001363265,-0.316932788642866,2.1799896133834347,9.534152161796511,-8.890865911823392
#687,1.4754362830180474,5.163949310141857,2.012524198655902,0.8224865131244385,-1.6904809803428278
#688,0.4353398894281514,4.103291965784501,1.4050086896856686,-0.3436059795849504,0.4665245774103015
#689,6.060093986595466,1.319791401547578,3.5905629987147853,7.80852429695709,-7.507225604603909
#690,1.4596468259243573,5.300526791475164,1.505465563349321,-0.8520491146784028,-0.8986987588196431
#691,3.0767859772151134,0.34590673372100933,7.6703347739298415,10.563636037036506,-2.9042615744804148
#692,2.3390264994725944,-2.29520448474011,7.298008950877563,9.956035530625531,-3.5320966331416326
#693,7.214136309808109,-1.413406301227565,2.6005806657494417,9.574351486995054,-9.683187761137118
#694,2.876579804924594,4.02495525672062,1.0580730911262308,-0.14960338428974618,-0.5317920311959629
#695,3.6986773142093465,-1.5891176869859667,7.434430618794146,8.606344535380504,0.0923096199621094
#696,1.2149240677016995,4.709429763566921,2.3549262511248794,1.5888287011565958,-3.4327412211477895
#697,4.240733474943191,-1.4970852556773768,8.289499901364813,8.76678866122656,-2.310707679444451
#698,-0.5370909587035964,5.411412005523321,2.2315062737490043,-0.04268988227743675,-0.59730968482871
#699,4.567650929247697,0.2429610036509512,1.5960681072754732,6.163745742270368,-7.37352286246167
#700,2.4933759868716767,-0.6229935263342135,8.605283726361646,9.009280674857957,-4.279303651905314
#701,7.1658595106466,1.364051256089425,0.14908560828265371,8.7886619949111,-6.199631091243557
#702,3.662078443771907,-2.064041655203445,7.245538329954568,10.003901698815808,-1.195443148910657
#703,3.9685151459382233,-1.2438488829379992,7.8397292528640214,7.486046509871078,-3.0508005037415615
#704,0.5562450112640402,2.519682348169366,3.0724016941615933,1.2611223409142007,-1.1110451948358544
#705,2.5017773172090587,2.858251745831197,2.432428132541119,0.8271064307543121,-0.9227443061055305
#706,4.817161699843447,0.01505624640770531,0.35159191053842775,8.80195471683898,-7.299481690432489
#707,2.1680083376863175,-1.5094010518948424,8.102257005235632,10.288063193353487,-2.8045512743988636
#708,1.5476665621541121,4.2668970168355225,2.83735825501015,0.12577496110010955,-1.349810918384195
#709,0.19892342278437714,5.419725781571469,3.3947205379808025,-0.8697699914512123,-1.1024915543935907
#710,4.126643167310446,-2.2737579791586446,7.107393398273791,8.96969248062753,-1.2933971741450914
#711,3.4176805482608112,-0.8035100191508147,7.496342214629416,8.64022254603333,-4.302320903293135
#712,4.976936164629234,0.9282656407022197,0.9914916888518198,7.800817501753069,-8.306520549023514
#713,7.31267907533735,-0.8721879372814278,1.6692062436052841,9.884385993224798,-8.50908872109848
#714,3.2644994551123534,-2.2451052182206555,7.925956607567034,9.166333030070675,-3.1445245486137914
#715,5.372086451724307,-1.7233229345305126,1.7296884636168173,9.743101037802123,-10.55973238954643
#716,1.7448699926321456,0.3732376706388494,8.333420108570797,9.01553696903187,-3.10452211053318
#717,0.40205485636220717,2.1808366295135087,3.1800235741578264,1.0097244511546144,-1.0077627873528487
#718,-0.3120127057347215,4.313358617806922,2.4729308642420342,0.3602278918979215,-1.214569118074789
#719,5.2233000375110175,0.19543854176346248,-0.5483206294419485,8.599716026914145,-7.9794139640769215
#720,6.287013160887923,0.8181228907740845,0.8284218202406634,8.822262017309779,-9.512273138177047
#721,2.837522302218349,4.599848030042732,2.171314377300584,1.1662927749551968,-2.0987104787586524
#722,1.4249889606542507,2.0222236544477306,1.2664580132985064,2.0849345349774353,-2.4681261157547882
#723,3.083289101271164,-1.176503374414548,6.368021778890172,8.044687340778825,-0.3475394084285264
#724,2.4462335167739866,-0.04137793794456579,10.01377487494677,9.804904327338539,-1.625037127142449
#725,1.2252648425150978,4.084003391554585,2.2749994534986278,0.24257978524275514,-2.318821523688073
#726,0.2666001721275938,6.327178314116042,2.488386022935315,0.3551562904887611,-0.8811526891660713
#727,5.1779162687992,1.6329958993511304,2.053688450535841,8.379614841699444,-7.590177742793197
#728,4.351638722861802,0.7425466212367065,1.4953815985524455,7.276896506476536,-7.607183249851501
#729,2.916211708359235,-0.3590703113705994,9.458251643615485,10.415902570514012,-0.07791621794625625
#730,3.0763185326908142,-1.7929221418009131,8.138589600613871,9.033051645710287,-0.8034550657556587
#731,1.3453459812527528,4.116756047453555,2.1323814594454165,3.8092800550069645,-0.627334207091206
#732,0.7563602221979556,4.591924230536013,2.621361459509329,1.4444198033815079,-0.8205234617474219
#733,3.773315470572183,0.4208545197389956,1.3674438704945355,8.934053058481915,-8.950093292498172
#734,5.6612505455744975,0.168463814582053,1.249271172308889,9.729310176229784,-6.2384297466415735
#735,1.6292212113759859,-1.1113405658634774,7.091624545202604,10.924493871985671,-3.609660421547116
#736,-0.6434830388138353,3.451261507749808,2.4419974262663824,1.808403085185244,-0.8934274650350508
#737,-0.25432303813402624,2.345515717943158,1.53730483530035,1.4774624559593157,-2.8806368523040904
#738,3.0956672232766853,-1.3973966471644084,8.35706632370173,9.888038412393893,-2.2455238488665015
#739,0.923811373423893,4.858434586930946,1.8763500349495528,0.6941533032622509,-1.1302114114281865
#740,5.2845786526535505,1.5267714393203973,0.8894675757134407,6.474274142793378,-9.231803940622225
#741,0.9569717037471538,4.4436865741315215,0.7085362227379317,-0.30208351416144374,-2.663039550499658
#742,0.2974027485085172,3.6481543900448123,3.0952598543956715,1.046129348632881,-0.5156870557320932
#743,-0.2608039180450379,3.186446768117465,1.7788072335009175,1.2419098389820806,-1.6789981653700725
#744,1.9437247694080517,-2.585379238368233,7.580801712108434,9.279368591166435,-0.7317903863283803
#745,6.547444358819526,0.23085097134147947,0.9994716484606521,7.548242586491891,-8.922787266705015
#746,1.5429070069102586,2.5439601077378797,0.7992982408102889,1.8969916316312074,-1.4867358152063914
#747,1.9603873716492584,3.144581002675552,1.6187304287901312,1.9069081908524932,-0.8135144427023675
#748,0.9311856696987422,4.0857758232306916,2.452661131512118,1.48683692794016,0.8565891553391003
#749,5.529263921152813,0.32243073906845116,0.6287857529110292,7.878549376724099,-6.988136752847616
#750,3.1174241377580723,-1.761636273084006,7.425199914449417,8.001402171608568,-1.905786596421202
#751,1.9642733373862682,-1.9925196108260186,6.65192086794087,8.325905000989156,-2.556201542105017
#752,2.3615391975699205,-0.9892196727031992,5.185869071269114,9.011702498063674,-0.8886353526129256
#753,3.4407817777572243,-1.2919952165533004,8.111138134783252,10.665057729304465,-1.4111779863381866
#754,1.012595554080255,4.839195721388418,1.5551778313850826,2.100515371895243,-2.7850404280025134
#755,0.2567434129674462,4.185171210010675,1.2471514661919407,0.17875271424201278,-2.1004479347479728
#756,5.6154742660451,1.1138025062473997,0.921496992475245,8.521880164201907,-9.448871059324468
#757,3.9982914889557817,-1.9880376808450833,7.567447219950284,8.64713296701056,-1.3308164981887782
#758,2.3865397728122435,0.6621738897213765,8.337429503858164,9.856332355371652,-1.2913831328108838
#759,3.7462882449084365,-2.11062243964355,6.711365738221572,9.672817826863616,-1.905908533487247
#760,-1.2420906780174183,4.120284448446234,2.4475755770887524,1.1392984664928778,-1.4229681009435504
#761,4.402900155892612,-1.250469034737563,8.280429060512622,8.310470664018112,-3.4091548796535074
#762,1.9204632339007297,3.2479612193409997,2.182932620899156,-2.063986669089021,0.583395824625653
#763,2.501531174378402,3.001213690825142,2.552538493266492,-0.10445783086223948,-1.5873156796524763
#764,3.238513826360264,-0.8606923486601361,8.30747093456548,8.85553592020735,-3.0966836883462103
#765,0.38801526122083674,2.9035254202966883,5.1125918550606055,1.2232036906067338,-1.1417742717902397
#766,3.3871227339459558,-1.6757443414357986,8.045085948062507,10.001284586254922,-4.507676585210968
#767,0.5137645391104224,3.217986731972762,2.6950035163683514,0.5118003234948441,-2.3026663665959823
#768,1.1472705167122896,2.5781159758610257,2.215926061781,0.03867833930789488,-1.7333249555473844
#769,0.7318674910635502,4.485770411425078,0.7168589640729615,0.38069585672576445,-2.187737756255042
#770,5.347245925119888,0.4108854743395225,2.4727736010487096,8.428673157773693,-9.425120025746452
#771,2.254063044492743,-2.456111083514444,8.279207780264384,8.592544579692737,-3.1581175800528607
#772,0.4898489159299263,5.281261279611424,1.4993342542708183,0.29198663816561765,-1.4741759895345095
#773,4.912769426455732,0.03857249086166881,2.848251751681726,9.168834817422919,-9.133130807753398
#774,5.670235454169774,0.494710960447744,3.037219303739608,8.386774515030158,-8.450863423858758
#775,2.434633418129616,-1.2368759878667537,7.674289488753972,8.699196656523263,-2.490168461027388
#776,6.505334512923514,0.8966546301442948,1.6059280102947446,7.636730542222856,-9.748700931789244
#777,0.4712570698688646,4.689887981400878,1.590247474445071,1.0173608739758566,-1.0041529666962732
#778,0.1061308275342644,5.858359316769786,2.469760381167658,0.21184436258491934,-1.3081807016973799
#779,6.517933049926541,0.6080176038598688,2.35125091300355,8.350206976395995,-10.410874791262144
#780,1.631147185726024,-3.23769715601812,7.277976218294719,8.880691209852458,-3.2588173783697463
#781,3.478130968563987,-1.9979831667761507,9.03678637176522,10.513036438883814,-0.683009805152762
#782,0.24821235971808742,5.143303785489304,3.294288500439314,-0.887140226813782,-2.3230898523866537
#783,1.0107750870980043,3.3734835800178766,2.944247633437445,2.593125492772489,-1.5405315224110594
#784,1.420901721232523,3.4570255899668845,2.9485438791468557,1.28442482463358,-1.5320382850811047
#785,4.199731705976424,-2.2888683777209637,7.071627782384261,8.137444396639475,-2.2016933506623646
#786,3.8243691987722492,2.326583722602405,2.8085178076016772,8.968618966261863,-6.413110753643359
#787,2.1661867462648816,3.6208253403721526,1.402141015687388,1.3274303094573678,-1.7001759844038036
#788,5.453481148843468,0.45431822626533275,1.116135791425977,7.6701295801675515,-9.622532284063338
#789,2.1737497534415917,-2.570712445147104,7.910788874258459,9.259345124000278,-2.2904513625526484
#790,2.514846543007874,-0.498093983762097,7.225745953854006,11.11045945686854,-2.5899477436470004
#791,1.8582050326161845,4.5088004151673795,3.266631028693073,-1.2717595329045843,-1.8619250524713107
#792,1.8122875024438987,-2.106448520855462,8.648342662806895,10.16886465489152,-3.435457252622446
#793,2.5849381813329533,-0.9427236314462929,8.660412299186802,10.230053072536123,-0.2785680717081753
#794,1.5413171572727014,2.9671741277345163,1.7135952444991667,2.3172669667720416,-2.4363197102936245
#795,3.2816823004200195,-1.5323738652211065,8.154322797348238,9.397563217173705,-3.387028706622277
#796,8.078477608420343,0.6814107650508057,1.1922123759371306,7.933333588394719,-7.73601540647547
#797,3.242687353657994,-0.3303707857536943,7.536620597158648,8.669944087353482,-3.077033663845259
#798,2.6879910362770563,-1.2229635613124636,6.109593027918029,7.647187140099909,-3.06434116254497
#799,5.235580211839596,3.797204372629142,3.060415833812809,9.373865626974819,-8.964677065419538
#800,1.8344911936507704,-1.8680500635236172,7.778241085716392,9.034358893838146,-2.5801821788577315
#801,0.45794869667839144,2.7139988553648626,2.2231320367455045,-0.02924547722573645,-2.403062459183657
#802,-0.9632903028553359,4.700109011572379,1.5518269535045344,1.4981991172207303,-0.8463400966343875
#803,1.0110910885772935,4.304227091841517,2.2164721345908323,-0.5003795388789498,-2.5439510919442805
#804,3.640169510754319,0.6917036990363561,5.969489257013096,8.753788137439628,-1.6269192523296674
#805,5.354382799433044,0.9355734700791816,0.2995157177796339,9.38953141902567,-10.297856027007402
#806,2.5744736150852923,4.797317943800666,2.336689696082645,1.4550725310709214,-1.0967263429897796
#807,4.060774098092862,0.4821122120704554,2.3237106201932014,8.217446060224928,-9.83868541885592
#808,4.7115588466904255,0.510716371429395,2.240089038488899,8.726822985302336,-10.22890837013217
#809,2.662847581325159,-1.48123158897109,6.044101209394782,9.076353085125978,-1.0145833831010904
#810,1.836015392328198,4.670067862593104,2.7816906820424987,0.9156021151274054,-3.8123839251460305
#811,2.750219192317468,-2.206028518465651,8.913090353228242,9.84683583873412,-2.7590258262823393
#812,1.582449496516288,-2.2108312648826756,7.620259340394261,9.886671578656813,-3.632083131827991
#813,5.699861654596011,0.6609843608694996,1.235621802595658,8.547192099664912,-9.813881459972619
#814,6.322138007272603,1.0854012776587139,0.5861154082832618,7.132551544801625,-8.099753669756081
#815,5.969721735358921,-0.3180558960157517,0.27233815578687137,10.441080113896291,-8.429704007905142
#816,-0.9014276354603128,4.883005603874853,3.5156184676342424,2.390685130427385,-2.284567047810525
#817,1.0570833204979007,4.1663065105258035,2.645937980544942,0.6887231213670744,-2.4277417982218057
#818,0.8419238292826985,3.546537655924727,2.218657322779793,-0.04214177380306883,-0.970559855868676
#819,2.397750251299823,-2.3412155812988473,5.583999437590694,9.28845649134644,-3.166926539630854
#820,2.7443540922959775,-2.234776052985125,7.14604427085656,9.544939446483225,-1.4580269470649576
#821,6.270719716495884,0.38378439300457495,-1.0725245900515845,8.89709758589364,-9.731249624150347
#822,1.5826590792882809,4.3055481681626615,1.0651073789225491,2.770057738463861,-1.7679776036818164
#823,-0.8686006493592835,4.310943326510184,1.1508986709158866,-0.4508322179813,-0.7816729233790257
#824,6.0528803569560825,0.6233185752774404,2.3985427855867356,8.292976824573271,-8.564915590248875
#825,4.468355685239893,-1.2736313735003306,7.506820027294087,8.966386213655072,-2.048172570495527
#826,5.999191966279947,0.7036858033579382,1.538412672928715,7.9929441963516155,-6.900047898404615
#827,-0.31855125480319724,2.002730674761051,4.70708066265949,1.0216749378533332,-0.6165081844017565
#828,1.4043510296034716,3.2639994738944678,2.346495901300198,0.8918947555371047,-2.5096036935395514
#829,4.553946042316028,-0.8869130057085073,7.585608252047189,10.100390172579042,-0.7228700875329412
#830,5.3805571538110595,-3.14887721352142,7.070530342135537,10.616502677315239,-1.7998057830322447
#831,6.670490392916014,-0.3914956400191092,2.2605890906271577,9.15504840093129,-7.354068999771408
#832,6.942821683359419,1.5665120171911706,1.6272512098337752,9.61091128229482,-10.681194145504378
#833,2.9961181900656415,-2.4674254813752814,8.600111346791202,7.914812930820354,-1.2665843857998895
#834,5.55328833197423,1.238675970614401,1.2619443221648106,10.923790121576122,-8.377365125107792
#835,2.5865951989254095,-2.475100222115736,8.708866766239279,10.75339548523835,-2.235184175454307
#836,6.488634883975147,1.458581575888719,0.5850965715318196,9.55251907854328,-8.068043157453154
#837,7.598186885774695,-0.3177737068301738,0.6947614345554094,9.774893057428002,-9.66199393692706
#838,4.7675754255571725,-0.12566052222950663,1.6097378360711825,8.480916593731607,-9.974282085463509
#839,5.959918755445587,-0.9931381571427484,0.5750235075550292,8.210587683595714,-9.14892991807677
#840,3.137065406524242,-1.4952153889866482,6.966196893908764,10.868131373299873,-2.6620303088050705
#841,1.3182589023390523,4.056372279413354,3.647325862073437,1.4605836590889174,-1.4358443474126046
#842,4.493299897294054,1.325121472360472,1.513031180594421,9.142299719586022,-6.728280800455987
#843,6.272406842061836,1.5340863165615795,1.2871760283608626,8.200436033195107,-8.257748711275562
#844,6.20980074132415,0.8874258209091166,1.0885929169378943,8.326343943472303,-8.047524029578033
#845,2.5005975129665514,-0.6559315676611888,7.842759484420369,7.278898057554542,-3.905499206805295
#846,2.693842760109133,-0.3654492170380107,9.172535554709814,9.526586509663169,-1.4881183480347606
#847,3.40142404985022,-0.7390305548753585,7.792469857689499,8.837042725102085,-2.299321492016522
#848,1.8549686744120522,4.3117536010982125,3.14384044054143,0.9766419625781987,-0.7208216813650817
#849,2.751346150909253,4.980119184242921,2.9458853954331623,3.100459758828731,-1.831486352333272
#850,2.5295320300078776,-2.8658420095833197,7.324124362216039,8.992205064677115,-2.2104170256872724
#851,3.048992170803316,-1.6243065955677025,7.6596199724874054,9.546629907622751,-1.651705524486029
#852,1.224654484305808,5.628515368213721,2.762305034198371,0.648392383901132,-2.6857903362120954
#853,4.596496955989775,-0.9095953712546941,9.16306153276462,9.159204710339573,-2.6471173338056233
#854,2.3781733802246725,-1.0351847070482443,9.078614165688707,8.656474534077475,-2.424906513862493
#855,5.556914513588194,0.8777556166109894,0.5420577949973701,7.851416835108778,-8.363398460057766
#856,3.8907304773613296,-1.8352340024347815,6.913769336152965,9.172464058433395,-1.3340167643623022
#857,3.660964450360717,-1.6891406626809775,8.397824781638118,9.646780253848437,-2.125493074278868
#858,2.6055437649259057,-1.9852857436509144,9.735766537730735,9.4268015731422,-1.0492965706359092
#859,3.8932417495023577,-1.2564572177296267,8.740349202120758,7.534331440074544,-2.9181590920366474
#860,6.787985209601647,0.6828205094149319,3.456497545754343,9.877526334053895,-9.498185487637429
#861,-0.40707929414600463,4.016396818367295,0.18212091377964912,-0.10858936256496121,-1.7390675268183746
#862,2.1332485917918405,0.4839973506009496,7.581642889331718,10.47256989257227,-1.7981249576682918
#863,4.12535197314331,2.15243397535573,0.16611131775366839,7.641495086457405,-8.075666032118896
#864,0.5639136385595331,2.4934803571732362,3.58609431918713,0.8644125667274069,-1.5988860510213196
#865,5.0177496291487715,1.114776799792733,2.3913696031973064,7.067144624139208,-8.251970654898118
#866,2.920160981335334,-0.998429682652878,6.913179471872207,8.795700569001195,-1.738779351071786
#867,5.2115303688777885,0.7398965941802863,1.687555456297669,10.106943535571082,-7.828037569952111
#868,0.11369518415272817,4.576642491020708,0.0980793229863055,0.44567230180901946,-1.7156759102980474
#869,3.5104746473983637,-1.2723308450124386,8.974811361816647,8.25478642437605,-2.286977841831668
#870,5.6127011928762665,0.9353442563269414,2.9954896883693767,8.560161111936699,-9.265224772944267
#871,5.7400631221826455,-0.88416081366066,0.987789352096798,7.531049125245834,-7.865414367514374
#872,1.315768969932325,6.02600503166342,2.516316989629031,1.7148126042975118,-0.9777262200784397
#873,3.5793446159486955,-0.8157375794343571,5.633309165359927,7.707374754090731,-2.7308490170674435
#874,2.0761924456258587,-0.6360659066511544,8.754796235212337,9.69762953687869,-1.5630095260790164
#875,4.512609107179998,-0.3382148810477308,-0.17757259409050352,7.995159143372507,-9.029466311858242
#876,0.4311854059347465,4.912316368777764,1.1884779531812786,0.33147298558201754,-1.803356761618937
#877,4.723523270916777,-1.7161371949678652,8.5914766115215,11.148569428509212,-2.428641640261782
#878,3.069195206397931,-1.129879017929324,7.231541527333936,9.991558620713539,-1.6187756623938647
#879,2.3717026559093664,-0.5450792035405712,6.680946239683854,9.145251396945019,-2.955447676826451
#880,-1.1058596704459354,2.6509953725841484,2.7386515566356726,0.6627390050621181,-0.6065013062975998
#881,6.208144973596143,0.929492863334842,0.5851105195631267,9.701836428728564,-9.69518642128708
#882,0.5456319592008929,5.004519711118502,2.8712503382921413,-0.024432941422806498,-1.3981749193855633
#883,1.7314790598620067,3.242896470777473,2.109741371079974,0.7933850277146176,-1.878513696797479
#884,0.07548161023178279,6.405348803831346,1.435101024362511,1.0539674952224287,-2.125655547670425
#885,6.488606803925441,2.261288062644156,2.236705315588102,8.447090685847352,-6.898769131482393
#886,-1.1657704259723674,5.4753035933900875,2.128737395077197,0.6594088142087997,-1.195395862758179
#887,-0.23898200936696412,4.853507633995637,2.1975699071897408,0.8591548564517716,-2.36461365701172
#888,3.6004128344091653,-1.7082216914392503,8.819967759693546,9.43120264100227,-1.4630697853726415
#889,5.686216943790389,0.2613694533101281,1.9646787190943815,9.718691904463107,-8.522284634458293
#890,-0.286388800219993,-1.1614123906946485,7.78152987030031,8.480132957927706,-2.9650812689324177
#891,3.0333874057353447,-0.4009812275812489,7.519295665696739,10.687619735020872,-3.727707217478982
#892,-0.17586434626088998,3.2535035184373666,2.908078352277983,0.06391636633277364,-1.5213904780369372
#893,6.967675170503367,0.04197136916629196,1.1884360482890832,7.990046157019698,-8.64761693091288
#894,1.9431606538799941,-1.9832073264039098,8.731518282908512,8.852972350531346,-4.67380602270482
#895,4.3396397128492605,2.3790865052328662,0.6591959528239049,7.823405971377486,-8.417456941651055
#896,5.741411763602765,1.881554149955965,1.946568952709746,8.119572479786337,-8.687591858326359
#897,3.842224607023814,-1.7722764174353682,8.213844445496715,10.69058222684269,-1.8880792214108002
#898,-1.0127046086394893,4.0321039254251545,2.2002021559685327,1.253669254492399,-0.9520321611127845
#899,-0.4456421002025932,3.360692142896615,3.2053389409003836,1.6320354420267282,-0.1519224810959212
#900,2.8370618369386422,-1.6562173167499386,7.263185951625519,8.656170735683249,-3.5858434867123012
#901,4.531659147287383,-1.3767135388856222,9.084006203172564,9.674136293182462,-2.776439364311333
#902,4.59210614310589,1.1971494795293764,1.5092399010597604,8.869230435950428,-7.427314445171975
#903,3.5535239641131304,-2.0684554045969685,6.481613617528307,8.694766788448451,-2.6192777651211014
#904,5.7117427665173555,-1.3684224311174171,-0.1392045050435735,8.053673470179843,-8.102858652837213
#905,2.9150613096193254,-1.5552704048519228,7.755694408335377,8.459601936200798,-2.4759571509097635
#906,2.9199909724225424,3.9223392163036928,4.431879860791872,2.1562782870237447,-0.9837231316756077
#907,2.507403500075026,-0.2847208568336196,7.306473433160672,10.451502261630758,-2.777245790226966
#908,2.5531845565023272,-2.125768674284702,8.115417684983422,7.669002391462278,-1.4678047808301056
#909,2.8047650913193998,-1.334712969217044,7.884553667479725,9.178079785153225,-1.611523225743189
#910,0.929826555526859,3.605903585745015,1.9425658729115018,-0.11060118526965201,-1.579837797762648
#911,2.961665312290174,-3.007497561286598,7.424418578873438,9.699118949510723,-2.8489976774463144
#912,8.398407679253877,-1.2888491218245206,1.0664408539683239,8.323003084906205,-7.276121933624504
#913,1.3119057750081893,4.344129016779954,3.726329377893223,-0.10526184773029423,-0.12445832000603096
#914,1.2385249444639923,4.404343748664052,3.5559242844730106,0.850233246240094,-2.2729752046330365
#915,4.050207741136137,-1.8519027134508073,6.512343733278485,9.927898864249443,-3.2163902678281575
#916,0.7856140993338536,4.752424854938928,1.062837749774293,0.6717240042465079,-3.1814747797341325
#917,1.624848777784296,-3.717537417753458,7.178458043660145,9.385120626648762,-2.8123095932052644
#918,2.92045501756776,-0.6146435191258466,6.938743112556328,9.279867451414173,-3.3766065384939123
#919,1.4619256797433147,3.0730311229635707,0.25755700310438456,-0.23940677175100977,-0.4885937850251214
#920,0.5361587836444708,3.398674434497289,1.730701039082371,1.1809518384058375,-2.3248286373167395
#921,1.001048352312033,-0.775312669208241,7.974197046191549,8.08603536108132,-3.6223307810973595
#922,3.6566445287617935,-2.6996382258544673,7.800649878991152,9.56146599766075,-1.0137766058843396
#923,2.3620482168094856,-1.8760932151619447,7.4632053106324125,10.11815281084402,-2.4062174427983494
#924,6.546801362242527,0.36960354886452007,-0.501049784895808,9.644686271614383,-9.701525582783793
#925,4.930795951769519,-0.07390784459576683,-0.02964076073745958,7.3439955985909755,-7.133828598232899
#926,6.670680327517746,0.7480744542089088,2.2382758586941636,9.358892679163706,-7.966066435631155
#927,1.4605822326671598,4.882927806155118,1.873684948701682,2.307868291069151,-1.9013757042021115
#928,1.183345652601103,4.8272503546376715,1.3558727001002884,1.8113694673548402,-2.1996887976605386
#929,-0.20074197541741712,5.589916038821611,2.9270410118734853,-0.08829630355970353,-1.4334445482541214
#930,-0.6485392671182659,2.461617900351702,1.4252383951487722,0.5010928994383306,-1.8158649230148307
#931,-0.8350087123715513,3.67261210970055,1.127108336862665,2.38838557689696,-1.3314046779465776
#932,1.2375410929913198,3.2444158610700926,1.5076406620065224,1.5083062111194674,-0.8351905922016325
#933,2.6773810943389518,-1.7769024905985298,9.224575467740403,9.846640102495156,-0.740560028574011
#934,-0.1713640744665701,4.3864804167434315,3.0778359255526553,-0.5813880492029087,0.37414737488159266
#935,2.0894684347376664,4.298262333722471,0.7557959065337314,2.5815861181031514,-0.24453159462441887
#936,2.788332892815135,4.04730691031973,2.2131995021828,-0.6199139655356549,-1.4395582742312227
#937,3.6444983104802042,-0.4963792042813191,0.33100893900022843,9.62367569001861,-10.465141941927694
#938,4.941514647121904,0.7225235850311079,0.15080287299104977,8.678951954175034,-8.38884788539191
#939,-0.587226611553447,3.7370897070164326,1.8131180071902748,2.4120549436619485,-1.85996141466323
#940,1.0250619314495588,3.9680661824826355,2.8467629743318055,0.43199012063984654,-0.890322234382261
#941,7.211552102063517,1.43539798596529,-0.014387840039369992,8.298293314446283,-8.520301579107091
#942,2.610035717706085,-1.4534470907358523,7.534220063500767,10.124857150376803,-1.0184966104648463
#943,0.8390603828119926,2.578347993365263,1.1194889909800259,0.105856251626269,-1.7935094467299906
#944,1.4661747188579244,0.40203004732079517,6.483831982082891,10.825757395336524,-2.3514230729928767
#945,-0.2039209370794215,4.501429965594533,2.4691674980754357,2.0949856405806977,0.3564498446934048
#946,3.8427148746949173,-0.9662986829581384,6.812732509971429,9.29103005396395,-2.8289715726132334
#947,6.7548759973754535,0.399504502747667,-0.4354216467895604,7.707214011498979,-9.804075205544635
#948,-0.3259658841700501,4.578637616286948,3.890568780827718,0.05772380235663055,-2.3073280639918456
#949,7.204276374508785,-1.8424798818094024,0.6443741458712836,7.33475742812129,-8.45746052876061
#950,6.258428064676677,-0.1471511591448662,1.995582631317124,8.665585020904413,-9.576570484447268
#951,3.391219454585788,-0.1928434418653453,6.727748901098874,11.659239286937016,-2.853470650055646
#952,6.195925359802546,1.2206005084966458,-0.18485457392028626,8.995952858005879,-9.596492322414331
#953,5.609465556907149,0.36195051930238287,1.9376131446031253,8.548909474396696,-9.155837609748081
#954,2.7486751091618156,-0.3071526824502676,10.182507327282025,9.707164847392466,-3.6012257351982435
#955,0.08148264478956246,-1.3759231115091295,9.346595491375762,8.904188003032075,-2.1494776851793413
#956,2.3202244981314273,3.4855663661196985,2.1379774572307895,-0.3933947954090402,-2.188008245037755
#957,5.656223900585525,0.9440129869479464,2.1990671488628277,8.28658461770284,-8.925026601221202
#958,2.237224834740437,0.06391635388737393,8.344531236864615,10.782577499053591,-2.8716915935284035
#959,3.0502506810523617,0.46053718581748354,1.3485393434710162,7.248265431574998,-7.785323215343404
#960,2.1528573084391187,2.788772177397467,1.1615957090707965,0.21742003248233555,-1.3326973691344843
#961,2.176018091896507,-0.7978965163556284,9.046713998847629,9.822939268211499,-2.55677513767866
#962,6.2877796290704815,0.6300598368661317,2.9905954655941747,8.211324453105648,-8.849759417046176
#963,0.8304628259531825,4.084672876269942,3.817765291791464,-0.38457580662434254,-1.257077218740847
#964,5.155488318216719,2.1188362566781094,2.7415622360427623,8.492326997599033,-7.567052840421636
#965,4.904271288371082,-0.3810953014568188,8.149146422405117,10.258855238019905,-2.7598545518392075
#966,1.0449230568422498,5.469356922711547,1.8067715591260243,0.4181807342406798,-2.3683606845225986
#967,2.5429990206596305,5.423247239748086,1.086687917354344,2.130892388874668,-2.4149756480781024
#968,3.988706629989153,-2.7841211849787717,7.014708624962814,9.163691677748128,-4.3281603232032415
#969,3.0386199136888083,-2.5079251758088867,7.412916427232638,9.698186771074411,-0.020113809980784048
#970,3.731912499333017,-2.5375692134715084,9.574339513851951,9.70903527521487,-1.6763058520031044
#971,4.40919000514978,-1.4898617170136357,6.441858189927455,8.981808297391753,-2.347823212427238
#972,4.185550535643499,-1.7285669954454221,6.513358589534136,10.303295164149626,-1.6515655844308719
#973,2.306576109629157,-0.9918759065883775,8.971938708925743,9.182742983009899,-1.7311910648272462
#974,5.712550650036831,0.4208837681670901,0.8693216840642908,6.999229255232262,-9.073615848101406
#975,2.750226096190051,-0.09582297676442364,7.630305949937784,10.947609493618522,-1.407803396340182
#976,5.977694503652822,0.6113298479971812,2.5589569657969156,8.194187292488476,-9.243169710329521
#977,3.757799764595709,0.2644176664234741,6.746354891152974,11.147008678701285,-2.5935733953422737
#978,1.832720094858206,-2.9307520347138754,6.948229287803069,9.074039231430062,-3.255471485997396
#979,4.956266703458465,-0.9943034527212242,1.1194170188767314,8.522078761193722,-8.266496566091526
#980,6.859590018799807,0.35769764048788055,2.771890422515157,7.520052924484252,-7.632332596553061
#981,5.976954221608733,0.3100928097208762,1.6837591935780847,7.783979364124939,-8.065231497126652
#982,6.764053774509396,0.0703564897410821,1.6807234649550071,8.519306214651301,-7.466735988204392
#983,1.3297152033648556,-1.3551218657834647,6.288801515493235,9.807955042423556,-2.683883021713101
#984,1.0034740307273364,-0.5270886493948995,5.505246895023509,8.031836834857236,-0.976409431733305
#985,-0.17776287447526173,4.800662665527764,3.699271648495121,1.441296796333527,-1.051037387431676
#986,5.908134282994636,0.10829823323875587,1.6249211164274557,8.768319765551182,-8.402389765764594
#987,4.916368158606648,-2.9757893941122386,8.494776939853427,7.902765942828755,-1.6958596892877054
#988,2.078284511571578,-3.1866786868720753,6.7252497524373345,8.247084586463458,-3.4172127903902045
#989,5.856318710467132,0.25365836669323893,1.1561686560879592,9.465876850084395,-9.778257002415852
#990,-1.9401148242287993,4.735450996781265,1.3262172289403003,1.0127630865494002,-1.2125633099064173
#991,2.0238554159643094,3.8798910938476396,-1.4595005976690572,-0.445493070366614,-0.1013978866091585
#992,1.448419076063081,5.123704620500348,2.9627871385397166,0.31184078527858294,-0.589345170985158
#993,1.69049389892617,6.588120681918735,3.6193701011615023,1.5087673698036457,-2.4042673350138433
#994,3.766643085650258,-0.8685252409431452,8.6564498507384,8.91837150114549,-2.6398264097691015
#995,3.568246107367771,-2.2862927150998082,7.100432504846617,10.373754217647399,-0.467238714739179
#996,1.1562022790606412,3.55803513889296,1.5580678637818774,1.5325445859062672,-1.1167048386287892
#997,3.329009579378399,-1.1690133084863372,7.5357563469318185,6.351837833339943,-1.984515346492594
#998,5.105802788444574,1.7667203296956198,0.8307667724360804,7.10111116373725,-9.607801332387309
#999,1.251223614550328,4.201948483635356,2.1346548693707987,1.633998094972232,-2.981552723722751
